,Frequency(prediction),Angle_of_Attack,Chord_length,Free-stream_velocity,Suction_side_displacement_thickness
0,3087.6242600883215,4.2,0.0508,71.3,0.0014278799999999994
1,2111.7649141431257,3.3,0.1016,71.3,0.0020282200000000007
2,200.0,7.3,0.2286,31.7,0.0132672
3,1982.8089681060799,2.0,0.2286,71.3,0.00293031
4,3815.094369147055,4.8,0.02540000000000002,71.3,0.0008486329999999997
5,1686.2985221778388,2.7,0.1524,39.6,0.002948039999999999
6,449.68069753003147,5.3,0.2286,39.6,0.00614329
7,1688.6692169184173,15.4,0.0508,55.5,0.0271925
8,1101.9314705705099,15.4,0.0508,71.3,0.0264269
9,2793.84566262535,9.5,0.02540000000000002,71.3,0.004206539999999999
10,2431.1582938270185,0.0,0.1524,71.3,0.001598800000000001
11,1689.686139980223,17.4,0.02540000000000002,31.7,0.017663099999999998
12,2244.257970032466,15.4,0.0508,39.6,0.0282593
13,3922.479150563161,6.7,0.1016,39.6,0.00578076
14,870.8021051886719,7.2,0.1524,71.3,0.00752039
15,5220.621235539572,7.3,0.2286,39.6,0.0123481
16,1955.7698551341769,5.4,0.1524,31.7,0.00525474
17,16732.999835405575,0.0,0.02540000000000002,55.5,0.0004122899999999992
18,3852.201203240297,11.2,0.0508,39.6,0.015047799999999998
19,1086.5211115518669,7.3,0.2286,31.7,0.0132672
20,1012.4779813749537,19.7,0.0508,39.6,0.036483999999999996
21,11607.787303936871,0.0,0.02540000000000002,31.7,0.0004394719999999998
22,1915.0553296667576,0.0,0.2286,71.3,0.00214345
23,200.0,15.6,0.1016,39.6,0.0528487
24,2713.5893827037808,11.2,0.0508,71.3,0.014072
25,2525.887950865718,15.4,0.0508,71.3,0.0264269
26,10233.365695906767,4.8,0.02540000000000002,55.5,0.0008732180000000003
27,1577.302844177613,7.3,0.2286,71.3,0.010440399999999999
28,3819.8638688640567,5.3,0.2286,39.6,0.00614329
29,200.0,4.0,0.3048,39.6,0.00579636
30,724.871488931014,12.3,0.1016,71.3,0.033779199999999995
31,2818.753164190497,15.4,0.0508,71.3,0.0264269
32,762.75504189702,15.4,0.0508,71.3,0.0264269
33,6141.342258315195,3.3,0.1016,55.5,0.0022109999999999994
34,3281.818878342825,0.0,0.1016,71.3,0.0012107200000000002
35,3026.6088326954577,3.3,0.1016,39.6,0.0024513799999999995
36,413.751757252654,9.9,0.1524,71.3,0.019300099999999997
37,1858.5175973510034,2.0,0.2286,55.5,0.003135249999999999
38,1393.3933553351317,9.9,0.1524,31.7,0.025278500000000002
39,1215.0467442666538,5.4,0.1524,55.5,0.00433288
40,1472.826728755046,0.0,0.1524,31.7,0.00209405
41,3560.891027579731,5.3,0.2286,39.6,0.00614329
42,7961.233296448047,4.8,0.02540000000000002,39.6,0.0009074749999999996
43,7469.557978285501,0.0,0.02540000000000002,55.5,0.0004122899999999992
44,3934.5665308525013,0.0,0.3048,39.6,0.003101380000000001
45,2464.1155321171227,0.0,0.3048,71.3,0.00266337
46,6178.247757967687,0.0,0.3048,31.7,0.0033126600000000003
47,4795.893490795677,9.9,0.1524,71.3,0.019300099999999997
48,1731.9709499501548,5.3,0.2286,39.6,0.00614329
49,2229.980321372279,12.3,0.1016,55.5,0.0368233
50,1868.0350187181205,15.4,0.0508,39.6,0.0282593
51,4066.6650098654336,0.0,0.02540000000000002,31.7,0.0004394719999999998
52,2643.3184018236398,4.0,0.3048,39.6,0.00579636
53,5090.300655379877,4.2,0.0508,39.6,0.0015268899999999995
54,545.1071263354143,7.2,0.1524,39.6,0.00909175
55,2607.534319761726,0.0,0.2286,39.6,0.00253511
56,4189.482247196296,17.4,0.02540000000000002,71.3,0.016104
57,699.7934533844118,9.9,0.1524,39.6,0.0233328
58,2416.669882224628,8.4,0.0508,71.3,0.00529514
59,2457.609246635571,15.4,0.0508,71.3,0.0264269
60,2008.9668459093386,0.0,0.3048,55.5,0.0028308099999999996
61,3531.84702101454,12.3,0.1016,71.3,0.033779199999999995
62,4185.747240228519,7.3,0.2286,39.6,0.0123481
63,1364.6076973909237,4.0,0.3048,71.3,0.00497773
64,1845.2094167866446,4.0,0.2286,71.3,0.00400603
65,20000.0,19.7,0.0508,39.6,0.036483999999999996
66,6440.9971913003565,4.2,0.0508,71.3,0.0014278799999999994
67,2349.213337326574,15.6,0.1016,71.3,0.0437259
68,2498.499185334284,5.3,0.2286,39.6,0.00614329
69,836.6775615773272,12.3,0.1016,39.6,0.04082680000000001
70,4724.099592396449,0.0,0.02540000000000002,71.3,0.00040068199999999943
71,200.0,12.3,0.1016,55.5,0.0368233
72,3089.8191650541844,0.0,0.1524,55.5,0.0017266799999999995
73,380.47290742487485,9.9,0.1524,31.7,0.025278500000000002
74,2491.093376683491,19.7,0.0508,71.3,0.034118300000000004
75,332.5540889281533,7.3,0.2286,55.5,0.011170600000000001
76,1947.8676006581004,0.0,0.2286,55.5,0.0022933599999999995
77,1102.0351445291935,15.4,0.0508,71.3,0.0264269
78,4090.514085523767,5.4,0.1524,39.6,0.00485029
79,1452.718669215498,0.0,0.2286,31.7,0.0027238
80,5805.01721821886,4.8,0.02540000000000002,55.5,0.0008732180000000003
81,1530.6709900050264,8.4,0.0508,39.6,0.00566229
82,1732.2481009498956,6.7,0.1016,39.6,0.00578076
83,2444.7733303372784,3.0,0.3048,55.5,0.00452492
84,2274.9475690798645,5.4,0.1524,71.3,0.004011990000000001
85,7740.374522718746,0.0,0.02540000000000002,39.6,0.00042846399999999993
86,1546.4276881752976,3.0,0.3048,71.3,0.00425727
87,8225.402748101842,0.0,0.1016,55.5,0.0013198299999999993
88,2445.070286290293,7.2,0.1524,71.3,0.00752039
89,3732.566756845524,9.9,0.1524,39.6,0.0233328
90,2201.0281470411746,7.3,0.2286,55.5,0.011170600000000001
91,2430.9998066281732,19.7,0.0508,39.6,0.036483999999999996
92,1814.540473546058,8.9,0.1016,39.6,0.012459600000000001
93,7182.048528665257,12.7,0.02540000000000002,71.3,0.012180799999999999
94,6781.811176073624,0.0,0.1016,31.7,0.0015009199999999993
95,1188.2464314195956,9.9,0.1524,31.7,0.025278500000000002
96,7660.915206215682,4.8,0.02540000000000002,31.7,0.0009307889999999996
97,544.8659921013641,7.2,0.1524,39.6,0.00909175
98,2660.913687681912,19.7,0.0508,39.6,0.036483999999999996
99,2760.0055637605665,2.0,0.2286,55.5,0.003135249999999999
100,2601.636167151222,3.0,0.3048,31.7,0.00529514
101,844.8310147958555,6.7,0.1016,39.6,0.00578076
102,7583.347655176992,9.9,0.1524,55.5,0.0208438
103,2265.475435413588,7.3,0.2286,31.7,0.0132672
104,627.8382875961652,3.0,0.3048,31.7,0.00529514
105,1434.9988803969025,9.9,0.1524,31.7,0.025278500000000002
106,1263.2801522627028,3.3,0.1016,31.7,0.0025143500000000003
107,5161.560826349865,4.0,0.2286,55.5,0.004286199999999999
108,3086.5722552515267,8.9,0.1016,39.6,0.012459600000000001
109,200.0,4.0,0.3048,39.6,0.00579636
110,7238.949753834347,7.2,0.1524,39.6,0.00909175
111,8067.455535672627,5.4,0.1524,71.3,0.004011990000000001
112,1180.1899476996077,15.4,0.0508,39.6,0.0282593
113,2821.5658625830624,9.5,0.02540000000000002,31.7,0.0046137700000000005
114,1386.8198934819832,7.3,0.2286,55.5,0.011170600000000001
115,8097.875082426178,0.0,0.1524,39.6,0.0019328699999999997
116,4816.208711008994,0.0,0.1524,71.3,0.001598800000000001
117,875.6679334545665,11.2,0.0508,39.6,0.015047799999999998
118,12775.121852809494,2.7,0.1524,71.3,0.0024385099999999996
119,1912.78121791976,9.9,0.1524,55.5,0.0208438
120,3845.129779782277,5.4,0.1524,31.7,0.00525474
121,3552.185380103505,0.0,0.2286,71.3,0.00214345
122,1273.0105453607048,7.2,0.1524,71.3,0.00752039
123,1282.8348162080715,2.0,0.2286,71.3,0.00293031
124,1679.5371499937648,12.6,0.1524,39.6,0.058411300000000006
125,1981.4675097856543,4.0,0.3048,39.6,0.00579636
126,511.2362851070361,9.9,0.1524,39.6,0.0233328
127,2082.0049611730874,3.0,0.3048,31.7,0.00529514
128,2079.7305576228123,15.4,0.0508,31.7,0.028985300000000002
129,1516.2203569983153,0.0,0.1524,39.6,0.0019328699999999997
130,3780.752786364848,17.4,0.02540000000000002,55.5,0.016570599999999998
131,3824.9198955201978,9.9,0.1524,31.7,0.025278500000000002
132,1901.0206023773412,0.0,0.2286,39.6,0.00253511
133,1525.6972822880878,9.5,0.02540000000000002,31.7,0.0046137700000000005
134,3245.3437255613235,4.8,0.02540000000000002,39.6,0.0009074749999999996
135,5280.900791187083,19.7,0.0508,71.3,0.034118300000000004
136,6036.096772858675,0.0,0.0508,71.3,0.0007404779999999993
137,5313.49056808439,5.4,0.1524,39.6,0.00485029
138,7539.874264587244,1.5,0.3048,39.6,0.0039210700000000005
139,2813.753834555238,8.4,0.0508,39.6,0.00566229
140,285.5706545223893,12.6,0.1524,71.3,0.0483159
141,3245.864737407732,4.8,0.02540000000000002,39.6,0.0009074749999999996
142,2726.7499101104595,0.0,0.1524,31.7,0.00209405
143,2019.4810994078985,0.0,0.3048,55.5,0.0028308099999999996
144,4692.574070182876,8.4,0.0508,55.5,0.00544854
145,688.0760952223541,12.3,0.1016,39.6,0.04082680000000001
146,200.0,7.3,0.2286,39.6,0.0123481
147,7592.545773775294,5.4,0.1524,55.5,0.00433288
148,3812.658679167941,4.8,0.02540000000000002,71.3,0.0008486329999999997
149,8329.282714803918,7.2,0.1524,71.3,0.00752039
150,1196.8102272414567,9.9,0.1524,71.3,0.019300099999999997
151,2427.506959140168,8.4,0.0508,55.5,0.00544854
152,1723.4927329978116,7.2,0.1524,71.3,0.00752039
153,1656.4154175747826,6.7,0.1016,31.7,0.00592927
154,3300.8390991736005,12.7,0.02540000000000002,71.3,0.012180799999999999
155,12416.571848642125,0.0,0.1524,71.3,0.001598800000000001
156,1997.7728092034113,12.7,0.02540000000000002,39.6,0.013025299999999998
157,2463.5027435573147,0.0,0.3048,31.7,0.0033126600000000003
158,1495.0719159381506,0.0,0.2286,39.6,0.00253511
159,1188.4590876608768,4.0,0.2286,31.7,0.00509068
160,608.3385163323733,9.9,0.1524,55.5,0.0208438
161,11763.660106069365,0.0,0.0508,71.3,0.0007404779999999993
162,770.2991704853466,4.0,0.2286,55.5,0.004286199999999999
163,3149.2082582663024,17.4,0.02540000000000002,39.6,0.0172206
164,2669.053287599089,3.0,0.3048,39.6,0.00495741
165,10020.316072389636,0.0,0.02540000000000002,71.3,0.00040068199999999943
166,8802.785247430422,2.0,0.2286,71.3,0.00293031
167,1012.4589605301153,19.7,0.0508,39.6,0.036483999999999996
168,2519.3730975946737,2.0,0.2286,71.3,0.00293031
169,812.081403102236,5.4,0.1524,39.6,0.00485029
170,3669.3310003338647,0.0,0.3048,31.7,0.0033126600000000003
171,1848.6773811507624,15.4,0.0508,71.3,0.0264269
172,7533.787745509982,0.0,0.02540000000000002,31.7,0.0004394719999999998
173,1073.7833591113288,4.0,0.2286,39.6,0.00473801
174,1775.1449706429605,15.4,0.0508,39.6,0.0282593
175,1263.709675822017,3.3,0.1016,31.7,0.0025143500000000003
176,3675.335091054737,0.0,0.0508,31.7,0.0008121640000000006
177,200.0,7.3,0.2286,31.7,0.0132672
178,2238.02384944773,3.0,0.3048,31.7,0.00529514
179,9543.339428615649,0.0,0.3048,55.5,0.0028308099999999996
180,408.48715753819533,12.6,0.1524,71.3,0.0483159
181,200.0,12.3,0.1016,55.5,0.0368233
182,6800.862889952971,0.0,0.1016,39.6,0.0014633200000000006
183,7752.503913395908,9.5,0.02540000000000002,39.6,0.00449821
184,2215.012349644169,9.5,0.02540000000000002,55.5,0.004328399999999999
185,200.0,12.3,0.1016,71.3,0.033779199999999995
186,3243.011012428665,9.5,0.02540000000000002,55.5,0.004328399999999999
187,903.0335486877009,17.4,0.02540000000000002,71.3,0.016104
188,2304.2829553726046,1.5,0.3048,71.3,0.00336729
189,10669.629947421643,3.0,0.3048,71.3,0.00425727
190,2166.039368633321,0.0,0.3048,55.5,0.0028308099999999996
191,5839.605953787908,3.3,0.1016,71.3,0.0020282200000000007
192,3127.6276805617194,17.4,0.02540000000000002,55.5,0.016570599999999998
193,4673.200885192973,7.3,0.2286,71.3,0.010440399999999999
194,845.6566271260322,6.7,0.1016,39.6,0.00578076
195,919.008262756068,9.9,0.1524,39.6,0.0233328
196,2948.5067805447325,15.4,0.0508,71.3,0.0264269
197,1524.289832217959,7.3,0.2286,39.6,0.0123481
198,4518.334064235614,9.9,0.1524,71.3,0.019300099999999997
199,5776.066819414497,9.5,0.02540000000000002,71.3,0.004206539999999999
200,8891.375060449747,0.0,0.3048,39.6,0.003101380000000001
201,12055.483624974218,0.0,0.0508,31.7,0.0008121640000000006
202,11847.887028888756,0.0,0.3048,39.6,0.003101380000000001
203,1264.3956418220516,3.3,0.1016,31.7,0.0025143500000000003
204,538.2094996545347,8.9,0.1016,39.6,0.012459600000000001
205,3265.9373885993527,0.0,0.1524,71.3,0.001598800000000001
206,2215.781784072832,9.9,0.1524,71.3,0.019300099999999997
207,4527.118094463294,9.9,0.1524,55.5,0.0208438
208,8280.173424037144,17.4,0.02540000000000002,39.6,0.0172206
209,783.5777382901292,6.7,0.1016,31.7,0.00592927
210,1693.5184057045515,2.7,0.1524,71.3,0.0024385099999999996
211,814.5861372118525,5.4,0.1524,39.6,0.00485029
212,1092.9795479286586,6.7,0.1016,31.7,0.00592927
213,4890.773725052073,17.4,0.02540000000000002,71.3,0.016104
214,1897.4505973000428,9.9,0.1524,31.7,0.025278500000000002
215,3859.6313710369805,0.0,0.3048,39.6,0.003101380000000001
216,1012.0976540603167,19.7,0.0508,39.6,0.036483999999999996
217,4486.697966264226,0.0,0.02540000000000002,55.5,0.0004122899999999992
218,1289.7730481832862,3.3,0.1016,39.6,0.0024513799999999995
219,485.0051418433736,9.9,0.1524,39.6,0.0233328
220,4289.815047406144,3.3,0.1016,39.6,0.0024513799999999995
221,1237.7142687673534,1.5,0.3048,39.6,0.0039210700000000005
222,2147.190354090148,0.0,0.1524,55.5,0.0017266799999999995
223,2161.0571257334645,2.0,0.2286,71.3,0.00293031
224,1654.4366804152676,11.2,0.0508,71.3,0.014072
225,1220.1599070003806,2.0,0.2286,31.7,0.003723709999999999
226,3309.9088588939994,2.0,0.2286,39.6,0.00346574
227,3667.675865375585,17.4,0.02540000000000002,71.3,0.016104
228,2190.23378903328,12.3,0.1016,71.3,0.033779199999999995
229,2780.7389248099066,0.0,0.1524,71.3,0.001598800000000001
230,3036.0309891373413,4.2,0.0508,39.6,0.0015268899999999995
231,1526.4131605100933,9.5,0.02540000000000002,31.7,0.0046137700000000005
232,9401.385942562629,0.0,0.1524,55.5,0.0017266799999999995
233,976.4656434909803,12.6,0.1524,71.3,0.0483159
234,530.150281151612,7.3,0.2286,71.3,0.010440399999999999
235,2355.6353516113068,4.0,0.2286,55.5,0.004286199999999999
236,2285.5426574918542,9.5,0.02540000000000002,31.7,0.0046137700000000005
237,4284.869084918038,0.0,0.0508,71.3,0.0007404779999999993
238,1201.3128597769237,17.4,0.02540000000000002,39.6,0.0172206
239,1559.1020946862525,7.3,0.2286,31.7,0.0132672
240,20000.0,12.6,0.1524,39.6,0.058411300000000006
241,11333.625126906772,0.0,0.3048,71.3,0.00266337
242,4659.737244509448,3.0,0.3048,31.7,0.00529514
243,1489.8882830332618,5.4,0.1524,71.3,0.004011990000000001
244,765.5563140220906,4.0,0.2286,31.7,0.00509068
245,2590.0803015919328,0.0,0.1016,39.6,0.0014633200000000006
246,3733.7892498696283,22.2,0.02540000000000002,39.6,0.022902799999999997
247,7634.947126959931,0.0,0.1524,55.5,0.0017266799999999995
248,6575.559803085653,5.3,0.2286,71.3,0.0051942
249,2313.1113321872663,4.0,0.2286,31.7,0.00509068
250,4215.3437970138075,0.0,0.02540000000000002,39.6,0.00042846399999999993
251,10899.518831789019,0.0,0.0508,71.3,0.0007404779999999993
252,3840.8904391957053,3.3,0.1016,55.5,0.0022109999999999994
253,626.1806799157434,3.0,0.3048,31.7,0.00529514
254,8370.90405667565,0.0,0.1016,39.6,0.0014633200000000006
255,2460.589714095986,0.0,0.2286,55.5,0.0022933599999999995
256,2405.2753269178693,0.0,0.3048,71.3,0.00266337
257,1104.2187685015053,4.8,0.02540000000000002,71.3,0.0008486329999999997
258,776.8775803224016,15.4,0.0508,39.6,0.0282593
259,8888.567641295673,4.0,0.2286,71.3,0.00400603
260,1289.167018832947,3.3,0.1016,39.6,0.0024513799999999995
261,3055.2040543050125,0.0,0.3048,39.6,0.003101380000000001
262,2206.977205180806,9.9,0.1524,55.5,0.0208438
263,200.0,12.3,0.1016,55.5,0.0368233
264,1241.655183443847,2.7,0.1524,39.6,0.002948039999999999
265,808.5413244051647,4.0,0.2286,71.3,0.00400603
266,5798.658561741877,7.3,0.2286,55.5,0.011170600000000001
267,1017.5483813439644,5.3,0.2286,39.6,0.00614329
268,8069.628515864727,4.8,0.02540000000000002,71.3,0.0008486329999999997
269,3380.9717036681845,5.3,0.2286,39.6,0.00614329
270,2277.606660220328,12.3,0.1016,71.3,0.033779199999999995
271,2045.3992565786816,15.4,0.0508,39.6,0.0282593
272,926.3187558736613,8.9,0.1016,71.3,0.0103088
273,10267.017283260633,2.7,0.1524,71.3,0.0024385099999999996
274,5334.846957313912,22.2,0.02540000000000002,71.3,0.0214178
275,1135.6462393616857,5.3,0.2286,71.3,0.0051942
276,8299.263872824089,0.0,0.1016,31.7,0.0015009199999999993
277,3671.595962605798,0.0,0.0508,31.7,0.0008121640000000006
278,3575.665357169457,8.9,0.1016,71.3,0.0103088
279,2556.769619825688,0.0,0.1524,71.3,0.001598800000000001
280,20000.0,12.6,0.1524,71.3,0.0483159
281,1082.4411224636694,7.3,0.2286,55.5,0.011170600000000001
282,2616.9932925072862,12.7,0.02540000000000002,39.6,0.013025299999999998
283,1021.2359584438,5.4,0.1524,71.3,0.004011990000000001
284,3305.642874662822,11.2,0.0508,71.3,0.014072
285,2345.038975330357,0.0,0.2286,39.6,0.00253511
286,1043.740182988291,3.3,0.1016,71.3,0.0020282200000000007
287,20000.0,1.5,0.3048,39.6,0.0039210700000000005
288,537.7983614354853,8.9,0.1016,39.6,0.012459600000000001
289,2007.1235171847457,2.0,0.2286,71.3,0.00293031
290,2366.6734563037917,0.0,0.1524,71.3,0.001598800000000001
291,1526.3496219727313,7.3,0.2286,71.3,0.010440399999999999
292,8505.088825937193,4.8,0.02540000000000002,39.6,0.0009074749999999996
293,1873.9468745590043,2.0,0.2286,39.6,0.00346574
294,1646.4618681770103,3.0,0.3048,39.6,0.00495741
295,2207.550310896288,2.0,0.2286,31.7,0.003723709999999999
296,20000.0,15.6,0.1016,39.6,0.0528487
297,8040.855000689869,4.0,0.2286,71.3,0.00400603
298,4476.719663420707,4.0,0.3048,71.3,0.00497773
299,1241.962029081935,2.7,0.1524,39.6,0.002948039999999999
300,1142.8006247733695,12.6,0.1524,71.3,0.0483159
301,2120.6562649251,7.3,0.2286,31.7,0.0132672
302,3023.2453736316593,5.3,0.2286,71.3,0.0051942
303,3034.517391049697,19.7,0.0508,71.3,0.034118300000000004
304,5632.462454132907,12.3,0.1016,31.7,0.0418756
305,3593.978911504595,4.0,0.2286,39.6,0.00473801
306,12993.152830503423,0.0,0.1016,31.7,0.0015009199999999993
307,4482.118759372894,0.0,0.02540000000000002,55.5,0.0004122899999999992
308,5169.615220383366,1.5,0.3048,39.6,0.0039210700000000005
309,1450.8302809663332,12.3,0.1016,71.3,0.033779199999999995
310,1442.8023915538054,5.4,0.1524,31.7,0.00525474
311,2666.0825791655966,1.5,0.3048,39.6,0.0039210700000000005
312,10118.002805794287,3.3,0.1016,71.3,0.0020282200000000007
313,2176.269080005026,2.7,0.1524,71.3,0.0024385099999999996
314,3578.281274217651,17.4,0.02540000000000002,71.3,0.016104
315,1899.6215379011323,9.9,0.1524,39.6,0.0233328
316,12328.12606334994,12.7,0.02540000000000002,39.6,0.013025299999999998
317,1456.3261024449012,0.0,0.2286,71.3,0.00214345
318,2618.121958135752,19.7,0.0508,39.6,0.036483999999999996
319,2032.7798985088143,0.0,0.1524,55.5,0.0017266799999999995
320,5589.255448920116,2.7,0.1524,71.3,0.0024385099999999996
321,2685.406326212424,9.9,0.1524,71.3,0.019300099999999997
322,9206.952626532871,0.0,0.02540000000000002,55.5,0.0004122899999999992
323,5568.561076467483,6.7,0.1016,71.3,0.00478288
324,200.0,15.6,0.1016,39.6,0.0528487
325,266.82233532911414,7.3,0.2286,31.7,0.0132672
326,8356.356373655493,0.0,0.3048,71.3,0.00266337
327,3320.673030008798,17.4,0.02540000000000002,55.5,0.016570599999999998
328,1285.4078427210748,9.5,0.02540000000000002,39.6,0.00449821
329,1515.1101916734096,5.4,0.1524,71.3,0.004011990000000001
330,5132.468812404156,5.4,0.1524,39.6,0.00485029
331,1337.6543138134043,3.3,0.1016,55.5,0.0022109999999999994
332,1870.3081976265833,4.0,0.2286,39.6,0.00473801
333,1011.4612019990875,19.7,0.0508,39.6,0.036483999999999996
334,773.1430817892528,4.0,0.2286,39.6,0.00473801
335,7694.02024526036,2.7,0.1524,39.6,0.002948039999999999
336,10641.000665027554,9.5,0.02540000000000002,31.7,0.0046137700000000005
337,5936.015001711728,17.4,0.02540000000000002,31.7,0.017663099999999998
338,9081.785363185321,3.3,0.1016,39.6,0.0024513799999999995
339,7556.119581026296,0.0,0.3048,55.5,0.0028308099999999996
340,6446.4768137167475,0.0,0.3048,55.5,0.0028308099999999996
341,4985.096648335816,7.2,0.1524,39.6,0.00909175
342,1128.8350609335084,6.7,0.1016,71.3,0.00478288
343,581.847350832089,3.0,0.3048,39.6,0.00495741
344,1688.594857738642,17.4,0.02540000000000002,31.7,0.017663099999999998
345,200.0,12.3,0.1016,55.5,0.0368233
346,6262.183231229392,5.4,0.1524,71.3,0.004011990000000001
347,2884.782055444785,11.2,0.0508,71.3,0.014072
348,17411.253375616685,4.8,0.02540000000000002,39.6,0.0009074749999999996
349,2542.943437864179,3.0,0.3048,55.5,0.00452492
350,1816.9163123905992,2.7,0.1524,71.3,0.0024385099999999996
351,1952.4212505271103,8.4,0.0508,31.7,0.00580776
352,3525.7263710545353,0.0,0.2286,39.6,0.00253511
353,1739.8389076705892,3.0,0.3048,31.7,0.00529514
354,3380.00279893206,0.0,0.1524,39.6,0.0019328699999999997
355,10024.943035426792,0.0,0.02540000000000002,39.6,0.00042846399999999993
356,559.0347421881879,9.9,0.1524,55.5,0.0208438
357,4397.649044473597,8.4,0.0508,39.6,0.00566229
358,2287.0112325716946,8.9,0.1016,71.3,0.0103088
359,1479.5995589560764,2.0,0.2286,31.7,0.003723709999999999
360,1409.5560985891827,11.2,0.0508,71.3,0.014072
361,1633.4956907042585,5.3,0.2286,71.3,0.0051942
362,6443.200615144653,0.0,0.1016,55.5,0.0013198299999999993
363,12199.70676436566,0.0,0.02540000000000002,71.3,0.00040068199999999943
364,3314.7467426158687,11.2,0.0508,71.3,0.014072
365,3248.314282232193,2.0,0.2286,39.6,0.00346574
366,2879.067371261899,12.3,0.1016,71.3,0.033779199999999995
367,3091.468610931336,12.7,0.02540000000000002,71.3,0.012180799999999999
368,2462.2739349459052,0.0,0.1016,39.6,0.0014633200000000006
369,2649.994230801039,0.0,0.3048,39.6,0.003101380000000001
370,11329.747985054455,17.4,0.02540000000000002,55.5,0.016570599999999998
371,7069.847687345715,3.3,0.1016,31.7,0.0025143500000000003
372,2045.1151950198912,4.0,0.2286,55.5,0.004286199999999999
373,210.9314084468001,9.9,0.1524,55.5,0.0208438
374,1052.9501831499197,5.4,0.1524,31.7,0.00525474
375,773.8985249709363,4.0,0.2286,39.6,0.00473801
376,200.0,15.6,0.1016,71.3,0.0437259
377,3264.1225637454745,15.6,0.1016,39.6,0.0528487
378,771.4150272734587,4.0,0.2286,55.5,0.004286199999999999
379,2030.2918794485047,9.5,0.02540000000000002,39.6,0.00449821
380,1271.8966342830042,6.7,0.1016,31.7,0.00592927
381,9271.657871930413,1.5,0.3048,71.3,0.00336729
382,2749.9508844983134,1.5,0.3048,71.3,0.00336729
383,9699.773318199073,0.0,0.3048,31.7,0.0033126600000000003
384,5184.194403548321,0.0,0.3048,31.7,0.0033126600000000003
385,876.103778443193,11.2,0.0508,39.6,0.015047799999999998
386,2502.589491964638,9.5,0.02540000000000002,71.3,0.004206539999999999
387,4401.062495850665,22.2,0.02540000000000002,71.3,0.0214178
388,1441.4239971598906,7.3,0.2286,55.5,0.011170600000000001
389,4242.799293098486,8.4,0.0508,31.7,0.00580776
390,406.0609061163418,3.0,0.3048,55.5,0.00452492
391,2126.3796493851087,0.0,0.2286,39.6,0.00253511
392,4297.010468143987,9.5,0.02540000000000002,39.6,0.00449821
393,1927.195498234747,7.3,0.2286,39.6,0.0123481
394,5453.316801995919,7.2,0.1524,71.3,0.00752039
395,9807.466559182063,4.8,0.02540000000000002,71.3,0.0008486329999999997
396,1826.9453688029203,6.7,0.1016,55.5,0.0052139
397,574.7382527621294,12.6,0.1524,39.6,0.058411300000000006
398,4429.994480162884,0.0,0.3048,31.7,0.0033126600000000003
399,10186.909447703685,4.2,0.0508,71.3,0.0014278799999999994
400,2914.792922875841,7.3,0.2286,39.6,0.0123481
401,3626.216202127671,0.0,0.2286,31.7,0.0027238
402,1972.8057632122282,3.0,0.3048,71.3,0.00425727
403,2523.2395735377177,8.4,0.0508,71.3,0.00529514
404,5791.0668998771225,15.4,0.0508,71.3,0.0264269
405,4053.2165466248825,12.7,0.02540000000000002,71.3,0.012180799999999999
406,4218.769612821421,1.5,0.3048,71.3,0.00336729
407,16604.96151263412,0.0,0.02540000000000002,71.3,0.00040068199999999943
408,8072.926579461506,0.0,0.1016,55.5,0.0013198299999999993
409,7582.19900664261,2.7,0.1524,71.3,0.0024385099999999996
410,5339.857182539727,8.9,0.1016,71.3,0.0103088
411,1597.3576889910294,0.0,0.1016,39.6,0.0014633200000000006
412,4547.714418950748,22.2,0.02540000000000002,39.6,0.022902799999999997
413,1965.4185544358293,6.7,0.1016,71.3,0.00478288
414,2205.149360825344,2.7,0.1524,39.6,0.002948039999999999
415,5581.455648228528,0.0,0.1016,71.3,0.0012107200000000002
416,3402.2520076374562,17.4,0.02540000000000002,31.7,0.017663099999999998
417,3803.445752352101,9.5,0.02540000000000002,31.7,0.0046137700000000005
418,3131.4653730956657,12.7,0.02540000000000002,39.6,0.013025299999999998
419,1434.9814392331518,5.4,0.1524,55.5,0.00433288
420,1158.975986413914,7.3,0.2286,71.3,0.010440399999999999
421,6264.407378024433,0.0,0.1016,39.6,0.0014633200000000006
422,4884.400178926496,22.2,0.02540000000000002,39.6,0.022902799999999997
423,17853.844897414197,9.5,0.02540000000000002,39.6,0.00449821
424,5082.656588857364,5.4,0.1524,39.6,0.00485029
425,1826.7901659687016,0.0,0.3048,71.3,0.00266337
426,1220.8457796753466,15.6,0.1016,71.3,0.0437259
427,3526.2856216934133,17.4,0.02540000000000002,71.3,0.016104
428,2908.839512321673,3.0,0.3048,39.6,0.00495741
429,11641.738587628788,0.0,0.0508,55.5,0.0007619299999999992
430,913.5774995043062,5.4,0.1524,55.5,0.00433288
431,449.21516473074735,5.3,0.2286,39.6,0.00614329
432,1495.0719991018952,0.0,0.2286,39.6,0.00253511
433,7130.724253335986,3.3,0.1016,55.5,0.0022109999999999994
434,200.0,12.3,0.1016,71.3,0.033779199999999995
435,11141.06685005319,0.0,0.1016,39.6,0.0014633200000000006
436,1411.238178074235,12.7,0.02540000000000002,39.6,0.013025299999999998
437,1049.8996202600997,9.9,0.1524,71.3,0.019300099999999997
438,1782.7416552307222,12.6,0.1524,71.3,0.0483159
439,4660.189831529255,4.8,0.02540000000000002,71.3,0.0008486329999999997
440,886.4033588644361,8.4,0.0508,71.3,0.00529514
441,2336.5619404072936,2.0,0.2286,71.3,0.00293031
442,812.1650814901031,5.4,0.1524,39.6,0.00485029
443,2799.597296886046,0.0,0.3048,39.6,0.003101380000000001
444,2219.9943990135757,4.0,0.2286,39.6,0.00473801
445,10182.598883590028,0.0,0.1016,55.5,0.0013198299999999993
446,3085.397381930473,4.8,0.02540000000000002,31.7,0.0009307889999999996
447,696.1188533128507,12.3,0.1016,31.7,0.0418756
448,2387.7271088200905,15.4,0.0508,55.5,0.0271925
449,987.1387421677546,3.0,0.3048,71.3,0.00425727
450,20000.0,12.6,0.1524,39.6,0.058411300000000006
451,925.8840921763999,8.9,0.1016,71.3,0.0103088
452,3664.209171214044,17.4,0.02540000000000002,55.5,0.016570599999999998
453,4639.328479607768,7.3,0.2286,55.5,0.011170600000000001
454,845.6756365671054,6.7,0.1016,39.6,0.00578076
455,3645.8744935692757,19.7,0.0508,71.3,0.034118300000000004
456,773.907784487531,4.0,0.2286,39.6,0.00473801
457,1262.9178735571586,3.3,0.1016,31.7,0.0025143500000000003
458,2940.507111634592,17.4,0.02540000000000002,31.7,0.017663099999999998
459,9019.641038370195,0.0,0.02540000000000002,31.7,0.0004394719999999998
460,9642.27818620744,0.0,0.0508,39.6,0.0007918219999999993
461,11844.058033009613,0.0,0.0508,31.7,0.0008121640000000006
462,2279.2192996904027,0.0,0.2286,55.5,0.0022933599999999995
463,5024.992443473954,12.6,0.1524,39.6,0.058411300000000006
464,1835.0107443099935,2.0,0.2286,55.5,0.003135249999999999
465,1172.1200304134413,6.7,0.1016,55.5,0.0052139
466,1772.703951840647,4.0,0.2286,31.7,0.00509068
467,4067.4788732831967,0.0,0.0508,55.5,0.0007619299999999992
468,6568.444376965903,4.8,0.02540000000000002,31.7,0.0009307889999999996
469,3117.570618545755,7.3,0.2286,31.7,0.0132672
470,3681.587676170436,12.7,0.02540000000000002,71.3,0.012180799999999999
471,783.0675562092515,6.7,0.1016,31.7,0.00592927
472,538.4614979975172,8.9,0.1016,39.6,0.012459600000000001
473,1477.6169951001848,0.0,0.3048,39.6,0.003101380000000001
474,2324.6505104406406,17.4,0.02540000000000002,31.7,0.017663099999999998
475,5845.524865555787,8.4,0.0508,55.5,0.00544854
476,1583.8726964378575,3.0,0.3048,71.3,0.00425727
477,1475.075290727991,0.0,0.1524,31.7,0.00209405
478,953.9764144236085,15.4,0.0508,55.5,0.0271925
479,20000.0,4.8,0.02540000000000002,39.6,0.0009074749999999996
480,12369.277147011126,0.0,0.02540000000000002,71.3,0.00040068199999999943
481,2421.2849952768133,2.0,0.2286,39.6,0.00346574
482,2295.5051074928774,0.0,0.2286,39.6,0.00253511
483,1886.7100014980788,3.3,0.1016,71.3,0.0020282200000000007
484,5145.3480519845125,12.3,0.1016,39.6,0.04082680000000001
485,5607.462146417695,4.0,0.3048,71.3,0.00497773
486,3217.6223300446118,8.9,0.1016,39.6,0.012459600000000001
487,2660.111760913058,19.7,0.0508,71.3,0.034118300000000004
488,1233.984125147902,8.4,0.0508,31.7,0.00580776
489,1977.6177025236543,9.9,0.1524,55.5,0.0208438
490,4150.015485169022,5.4,0.1524,71.3,0.004011990000000001
491,5714.024445830357,3.3,0.1016,55.5,0.0022109999999999994
492,8023.727622357019,0.0,0.1016,39.6,0.0014633200000000006
493,2801.3580026321165,7.3,0.2286,31.7,0.0132672
494,4953.710238652524,2.7,0.1524,39.6,0.002948039999999999
495,2049.8325793061586,12.3,0.1016,71.3,0.033779199999999995
496,6641.178825335373,9.9,0.1524,71.3,0.019300099999999997
497,2676.442677079188,4.0,0.3048,71.3,0.00497773
498,1450.5484547555443,3.3,0.1016,39.6,0.0024513799999999995
499,8629.279930931985,8.4,0.0508,31.7,0.00580776
500,440.23008366038084,0.0,0.2286,71.3,0.00214345
501,8939.74194897561,11.2,0.0508,39.6,0.015047799999999998
502,7956.12322453172,15.4,0.0508,31.7,0.028985300000000002
503,12441.914062455846,0.0,0.0508,55.5,0.0007619299999999992
504,7602.365746732468,7.2,0.1524,39.6,0.00909175
505,332.3903118305957,7.3,0.2286,55.5,0.011170600000000001
506,3904.2123211117178,17.4,0.02540000000000002,71.3,0.016104
507,1530.4509007352738,8.4,0.0508,31.7,0.00580776
508,1257.8954058968416,11.2,0.0508,39.6,0.015047799999999998
509,4656.167619520586,9.5,0.02540000000000002,71.3,0.004206539999999999
510,200.0,15.6,0.1016,71.3,0.0437259
511,2322.9785629312064,0.0,0.3048,39.6,0.003101380000000001
512,713.4129812234796,5.3,0.2286,71.3,0.0051942
513,1422.6351106036952,0.0,0.3048,31.7,0.0033126600000000003
514,2827.2905438479106,17.4,0.02540000000000002,31.7,0.017663099999999998
515,1381.707786552467,3.3,0.1016,71.3,0.0020282200000000007
516,671.7907463326483,12.6,0.1524,39.6,0.058411300000000006
517,200.0,12.3,0.1016,31.7,0.0418756
518,5170.116832203956,5.4,0.1524,31.7,0.00525474
519,10447.16043951638,2.0,0.2286,71.3,0.00293031
520,3932.636746805045,9.5,0.02540000000000002,71.3,0.004206539999999999
521,3048.1667619326226,11.2,0.0508,71.3,0.014072
522,11342.956185362233,0.0,0.1016,55.5,0.0013198299999999993
523,6443.4887363527705,2.7,0.1524,39.6,0.002948039999999999
524,2413.7098177820394,9.9,0.1524,71.3,0.019300099999999997
525,6041.674392776311,1.5,0.3048,39.6,0.0039210700000000005
526,701.7658723561617,12.3,0.1016,39.6,0.04082680000000001
527,9318.597765969967,0.0,0.2286,71.3,0.00214345
528,2185.8220835081365,7.2,0.1524,39.6,0.00909175
529,10782.293417381648,0.0,0.0508,71.3,0.0007404779999999993
530,3585.888751474651,17.4,0.02540000000000002,71.3,0.016104
531,1861.2589039243276,0.0,0.2286,71.3,0.00214345
532,8978.999698745996,0.0,0.02540000000000002,39.6,0.00042846399999999993
533,771.7279936745795,4.0,0.2286,55.5,0.004286199999999999
534,2874.0747758767393,3.0,0.3048,31.7,0.00529514
535,2427.276995595714,22.2,0.02540000000000002,71.3,0.0214178
536,830.4790780953431,9.9,0.1524,31.7,0.025278500000000002
537,2525.8085472639787,12.3,0.1016,39.6,0.04082680000000001
538,986.2976772895472,6.7,0.1016,55.5,0.0052139
539,674.8245678571138,7.3,0.2286,31.7,0.0132672
540,1104.9644116716695,0.0,0.3048,39.6,0.003101380000000001
541,320.6648429522147,4.0,0.3048,71.3,0.00497773
542,1338.636993587698,3.3,0.1016,55.5,0.0022109999999999994
543,2581.358553957106,0.0,0.1524,39.6,0.0019328699999999997
544,654.5662141851399,12.6,0.1524,39.6,0.058411300000000006
545,3074.9024360448952,0.0,0.2286,55.5,0.0022933599999999995
546,200.0,7.3,0.2286,39.6,0.0123481
547,1975.714713768396,0.0,0.1524,31.7,0.00209405
548,1699.475477349443,5.4,0.1524,39.6,0.00485029
549,5510.0940004830545,4.0,0.2286,39.6,0.00473801
550,3583.85754168833,19.7,0.0508,71.3,0.034118300000000004
551,20000.0,17.4,0.02540000000000002,55.5,0.016570599999999998
552,6882.809977996152,0.0,0.2286,31.7,0.0027238
553,12676.04308969435,4.2,0.0508,71.3,0.0014278799999999994
554,1715.2586515752685,7.2,0.1524,71.3,0.00752039
555,3920.642154891463,2.0,0.2286,55.5,0.003135249999999999
556,4445.168220525438,2.0,0.2286,39.6,0.00346574
557,2690.1968701544306,15.4,0.0508,55.5,0.0271925
558,2457.6115064263554,9.5,0.02540000000000002,55.5,0.004328399999999999
559,12341.387351643854,0.0,0.0508,55.5,0.0007619299999999992
560,2655.0708141150762,0.0,0.1016,71.3,0.0012107200000000002
561,1896.65035958571,6.7,0.1016,55.5,0.0052139
562,20000.0,12.6,0.1524,71.3,0.0483159
563,5445.991230625199,5.3,0.2286,39.6,0.00614329
564,5678.520445769362,7.2,0.1524,39.6,0.00909175
565,1809.5959075093117,5.4,0.1524,71.3,0.004011990000000001
566,1600.884479177144,15.4,0.0508,31.7,0.028985300000000002
567,20000.0,0.0,0.3048,71.3,0.00266337
568,2038.475181230074,22.2,0.02540000000000002,39.6,0.022902799999999997
569,1022.6582204441411,5.4,0.1524,71.3,0.004011990000000001
570,3648.887071050472,22.2,0.02540000000000002,71.3,0.0214178
571,3417.3645345358464,8.4,0.0508,39.6,0.00566229
572,2703.5794994710322,19.7,0.0508,39.6,0.036483999999999996
573,1557.153829372921,0.0,0.1016,31.7,0.0015009199999999993
574,2311.1206038124787,15.4,0.0508,55.5,0.0271925
575,1786.0355117808408,0.0,0.1016,39.6,0.0014633200000000006
576,1377.8022296624722,15.4,0.0508,39.6,0.0282593
577,2149.5274416190564,0.0,0.2286,55.5,0.0022933599999999995
578,611.8397149793082,9.9,0.1524,39.6,0.0233328
579,1236.965445098929,1.5,0.3048,39.6,0.0039210700000000005
580,2196.0888321406337,3.0,0.3048,71.3,0.00425727
581,765.248793400644,4.0,0.2286,31.7,0.00509068
582,1421.6358596021994,5.4,0.1524,39.6,0.00485029
583,2008.4175762151426,2.0,0.2286,39.6,0.00346574
584,2848.2647198574496,19.7,0.0508,39.6,0.036483999999999996
585,2562.3189833439983,1.5,0.3048,71.3,0.00336729
586,10414.424306454079,0.0,0.02540000000000002,31.7,0.0004394719999999998
587,200.0,15.6,0.1016,71.3,0.0437259
588,3085.8417512999526,4.8,0.02540000000000002,31.7,0.0009307889999999996
589,3841.2718760761804,17.4,0.02540000000000002,39.6,0.0172206
590,4808.624940666559,17.4,0.02540000000000002,39.6,0.0172206
591,783.7059051063807,6.7,0.1016,31.7,0.00592927
592,1597.9253461707467,0.0,0.1016,39.6,0.0014633200000000006
593,8418.949682328213,3.3,0.1016,71.3,0.0020282200000000007
594,200.0,4.0,0.3048,39.6,0.00579636
595,2113.6525753634883,9.5,0.02540000000000002,39.6,0.00449821
596,16224.885240420943,4.2,0.0508,39.6,0.0015268899999999995
597,5082.947743622868,12.7,0.02540000000000002,71.3,0.012180799999999999
598,1393.2170170294141,7.3,0.2286,31.7,0.0132672
599,2613.440136538099,0.0,0.1524,71.3,0.001598800000000001
600,4299.28803239825,0.0,0.3048,55.5,0.0028308099999999996
601,913.9306773151047,5.4,0.1524,55.5,0.00433288
602,2126.004674716465,4.0,0.2286,39.6,0.00473801
603,2359.957916909797,4.0,0.3048,71.3,0.00497773
604,4719.16596996622,8.9,0.1016,39.6,0.012459600000000001
605,5012.683062921258,9.5,0.02540000000000002,39.6,0.00449821
606,10761.261422843381,17.4,0.02540000000000002,71.3,0.016104
607,2374.359936085634,7.3,0.2286,71.3,0.010440399999999999
608,868.1150680439671,15.6,0.1016,39.6,0.0528487
609,20000.0,9.9,0.1524,31.7,0.025278500000000002
610,3606.579377696051,11.2,0.0508,71.3,0.014072
611,4064.918639244769,0.0,0.02540000000000002,31.7,0.0004394719999999998
612,5827.897174811833,2.0,0.2286,55.5,0.003135249999999999
613,1806.0619376141244,15.4,0.0508,55.5,0.0271925
614,20000.0,4.0,0.3048,71.3,0.00497773
615,926.9676942333574,8.9,0.1016,71.3,0.0103088
616,11826.205090669133,0.0,0.0508,39.6,0.0007918219999999993
617,20000.0,12.6,0.1524,39.6,0.058411300000000006
618,1622.624836872208,4.0,0.2286,39.6,0.00473801
619,2303.950056095645,11.2,0.0508,39.6,0.015047799999999998
620,2616.055652053593,0.0,0.3048,71.3,0.00266337
621,6233.230437529473,8.4,0.0508,31.7,0.00580776
622,6207.298713405631,7.2,0.1524,39.6,0.00909175
623,448.63817107513887,5.3,0.2286,39.6,0.00614329
624,3382.8947487804444,0.0,0.3048,71.3,0.00266337
625,2316.9034814768784,4.0,0.2286,31.7,0.00509068
626,2798.097097761885,2.0,0.2286,71.3,0.00293031
627,1300.7788380793195,2.0,0.2286,55.5,0.003135249999999999
628,9839.129330297324,0.0,0.1016,39.6,0.0014633200000000006
629,1422.779895362342,0.0,0.3048,31.7,0.0033126600000000003
630,2616.1903508481955,7.3,0.2286,55.5,0.011170600000000001
631,1505.4916007029105,11.2,0.0508,39.6,0.015047799999999998
632,11112.404345971772,9.5,0.02540000000000002,39.6,0.00449821
633,3243.5660544902858,19.7,0.0508,71.3,0.034118300000000004
634,20000.0,15.6,0.1016,39.6,0.0528487
635,1857.6647447903297,15.6,0.1016,71.3,0.0437259
636,4122.133489545711,8.4,0.0508,71.3,0.00529514
637,9273.821143859579,0.0,0.1016,55.5,0.0013198299999999993
638,200.0,12.3,0.1016,31.7,0.0418756
639,15033.494861104977,7.2,0.1524,71.3,0.00752039
640,4725.430385296964,0.0,0.02540000000000002,71.3,0.00040068199999999943
641,1802.79277855863,3.3,0.1016,55.5,0.0022109999999999994
642,18481.610245123935,4.2,0.0508,71.3,0.0014278799999999994
643,1524.3740899752654,15.4,0.0508,31.7,0.028985300000000002
644,8747.374139666603,4.8,0.02540000000000002,55.5,0.0008732180000000003
645,628.3903245930728,3.0,0.3048,31.7,0.00529514
646,2737.2417431562717,2.7,0.1524,71.3,0.0024385099999999996
647,12289.821031692863,0.0,0.1016,55.5,0.0013198299999999993
648,4749.921222596334,8.4,0.0508,31.7,0.00580776
649,985.6843478425967,11.2,0.0508,39.6,0.015047799999999998
650,4935.830696446772,17.4,0.02540000000000002,71.3,0.016104
651,3962.716656426658,19.7,0.0508,39.6,0.036483999999999996
652,886.1191373048182,12.3,0.1016,71.3,0.033779199999999995
653,581.8472892072509,3.0,0.3048,39.6,0.00495741
654,2264.5320029157406,4.0,0.3048,71.3,0.00497773
655,8233.53725023859,4.2,0.0508,71.3,0.0014278799999999994
656,7868.569421743316,0.0,0.1524,31.7,0.00209405
657,1495.071965897332,0.0,0.2286,39.6,0.00253511
658,6980.04176998245,9.5,0.02540000000000002,55.5,0.004328399999999999
659,1819.763215017679,5.4,0.1524,55.5,0.00433288
660,200.0,4.0,0.3048,39.6,0.00579636
661,9317.502113660801,0.0,0.0508,39.6,0.0007918219999999993
662,20000.0,17.4,0.02540000000000002,55.5,0.016570599999999998
663,10872.46067513534,0.0,0.1524,71.3,0.001598800000000001
664,3056.99454027087,1.5,0.3048,71.3,0.00336729
665,1117.6902912007788,12.3,0.1016,55.5,0.0368233
666,15351.865093160908,8.4,0.0508,55.5,0.00544854
667,4908.03482961813,5.4,0.1524,31.7,0.00525474
668,1452.2530368616844,0.0,0.2286,31.7,0.0027238
669,6828.338204046424,0.0,0.1524,31.7,0.00209405
670,3832.5253058568637,8.9,0.1016,71.3,0.0103088
671,7655.968774359153,3.3,0.1016,39.6,0.0024513799999999995
672,1769.631024983336,0.0,0.2286,55.5,0.0022933599999999995
673,3997.986495266715,9.5,0.02540000000000002,31.7,0.0046137700000000005
674,3040.294459535491,15.6,0.1016,71.3,0.0437259
675,7842.522269342044,4.0,0.2286,55.5,0.004286199999999999
676,2544.6266096950962,0.0,0.3048,71.3,0.00266337
677,12224.74707273058,0.0,0.0508,71.3,0.0007404779999999993
678,7127.910320915022,0.0,0.2286,39.6,0.00253511
679,406.2842145081995,3.0,0.3048,55.5,0.00452492
680,10526.857915914763,0.0,0.02540000000000002,71.3,0.00040068199999999943
681,1263.8945683122743,3.3,0.1016,31.7,0.0025143500000000003
682,2786.717587548028,0.0,0.3048,31.7,0.0033126600000000003
683,1338.3298526698666,3.3,0.1016,55.5,0.0022109999999999994
684,878.9072241335211,12.6,0.1524,39.6,0.058411300000000006
685,2423.8654228186274,0.0,0.1016,55.5,0.0013198299999999993
686,20000.0,15.6,0.1016,39.6,0.0528487
687,1265.4650102139076,8.9,0.1016,71.3,0.0103088
688,4686.1752462753975,12.3,0.1016,71.3,0.033779199999999995
689,4800.323376283907,22.2,0.02540000000000002,71.3,0.0214178
690,10582.59548694281,2.7,0.1524,39.6,0.002948039999999999
691,4817.274348726806,17.4,0.02540000000000002,31.7,0.017663099999999998
692,5324.807601784481,22.2,0.02540000000000002,71.3,0.0214178
693,807.1274824192628,4.0,0.3048,71.3,0.00497773
694,2513.222040220535,0.0,0.2286,31.7,0.0027238
695,6340.279972673849,0.0,0.0508,39.6,0.0007918219999999993
696,1565.6954836114346,3.0,0.3048,31.7,0.00529514
697,5994.486000467774,0.0,0.1524,71.3,0.001598800000000001
698,3123.4872046191654,9.9,0.1524,31.7,0.025278500000000002
699,807.9261664898995,4.0,0.2286,71.3,0.00400603
700,9018.379344009507,4.0,0.3048,71.3,0.00497773
701,2588.127236099843,2.0,0.2286,31.7,0.003723709999999999
702,6457.988667288926,8.4,0.0508,55.5,0.00544854
703,347.4071860055674,12.3,0.1016,31.7,0.0418756
704,1095.9569194656867,12.6,0.1524,71.3,0.0483159
705,10986.024546757179,0.0,0.1016,71.3,0.0012107200000000002
706,2081.569258431856,17.4,0.02540000000000002,31.7,0.017663099999999998
707,9175.397434813098,0.0,0.0508,55.5,0.0007619299999999992
708,1381.9883259316978,19.7,0.0508,71.3,0.034118300000000004
709,849.0550927445038,12.6,0.1524,39.6,0.058411300000000006
710,1584.7608221805406,9.9,0.1524,39.6,0.0233328
711,11296.135517024006,0.0,0.02540000000000002,55.5,0.0004122899999999992
712,1473.7220105445874,4.0,0.2286,55.5,0.004286199999999999
713,10082.50374419625,4.8,0.02540000000000002,39.6,0.0009074749999999996
714,2368.0402502139364,15.4,0.0508,71.3,0.0264269
715,6029.141058309282,2.0,0.2286,39.6,0.00346574
716,332.7250038728371,7.3,0.2286,55.5,0.011170600000000001
717,1381.707797540928,3.3,0.1016,71.3,0.0020282200000000007
718,1237.2564354236756,1.5,0.3048,39.6,0.0039210700000000005
719,2266.5807378782865,2.7,0.1524,39.6,0.002948039999999999
720,8363.903735998982,12.7,0.02540000000000002,71.3,0.012180799999999999
721,2627.1012097677776,0.0,0.2286,39.6,0.00253511
722,4259.374541312541,22.2,0.02540000000000002,71.3,0.0214178
723,8639.300627399265,0.0,0.1524,55.5,0.0017266799999999995
724,13352.982178374372,4.0,0.2286,71.3,0.00400603
725,1361.96160752743,12.3,0.1016,71.3,0.033779199999999995
726,401.22792671803745,3.0,0.3048,71.3,0.00425727
727,2598.308003923198,0.0,0.1524,55.5,0.0017266799999999995
728,2963.5179113469803,8.4,0.0508,31.7,0.00580776
729,1289.9371330462548,15.6,0.1016,39.6,0.0528487
730,1218.2179782115288,0.0,0.0508,31.7,0.0008121640000000006
731,4490.685501544931,0.0,0.02540000000000002,55.5,0.0004122899999999992
732,15593.578407833764,17.4,0.02540000000000002,71.3,0.016104
733,8601.390602055395,0.0,0.0508,31.7,0.0008121640000000006
734,530.1503583971426,7.3,0.2286,71.3,0.010440399999999999
735,2722.8290424460592,0.0,0.3048,31.7,0.0033126600000000003
736,1624.7342675062514,8.4,0.0508,39.6,0.00566229
737,5385.133454547407,9.5,0.02540000000000002,55.5,0.004328399999999999
738,1933.5624428171054,4.0,0.2286,71.3,0.00400603
739,5005.401849614078,3.0,0.3048,71.3,0.00425727
740,5347.265086206853,4.2,0.0508,39.6,0.0015268899999999995
741,10851.779134247307,0.0,0.0508,71.3,0.0007404779999999993
742,12689.426544572052,0.0,0.02540000000000002,71.3,0.00040068199999999943
743,2505.085785781979,9.5,0.02540000000000002,55.5,0.004328399999999999
744,953.2532533367466,15.4,0.0508,55.5,0.0271925
745,1873.8983860761793,15.4,0.0508,31.7,0.028985300000000002
746,6768.548587119401,4.8,0.02540000000000002,31.7,0.0009307889999999996
747,947.854667424841,12.6,0.1524,71.3,0.0483159
748,334.958708558102,8.9,0.1016,39.6,0.012459600000000001
749,6291.198863175716,1.5,0.3048,71.3,0.00336729
750,581.8473061559184,3.0,0.3048,39.6,0.00495741
751,10663.22857089915,4.2,0.0508,71.3,0.0014278799999999994
752,982.9609522821193,8.9,0.1016,39.6,0.012459600000000001
753,2705.5388900538455,12.7,0.02540000000000002,71.3,0.012180799999999999
754,1645.8453563330866,12.3,0.1016,31.7,0.0418756
755,776.8774711564124,15.4,0.0508,39.6,0.0282593
756,2851.707621383457,0.0,0.3048,55.5,0.0028308099999999996
757,1898.2277322000195,2.0,0.2286,71.3,0.00293031
758,2788.3800913207947,0.0,0.1524,55.5,0.0017266799999999995
759,7690.643514413636,0.0,0.1016,55.5,0.0013198299999999993
760,2098.259434469982,7.3,0.2286,71.3,0.010440399999999999
761,2121.9222630244644,0.0,0.1016,31.7,0.0015009199999999993
762,3666.7899238920545,9.9,0.1524,71.3,0.019300099999999997
763,1478.5206943187382,0.0,0.3048,39.6,0.003101380000000001
764,4095.110884155175,17.4,0.02540000000000002,71.3,0.016104
765,1968.9184374687884,15.4,0.0508,55.5,0.0271925
766,2512.3803709769186,2.7,0.1524,71.3,0.0024385099999999996
767,1981.4800233078913,3.3,0.1016,55.5,0.0022109999999999994
768,4742.605857799237,5.3,0.2286,71.3,0.0051942
769,2203.54797629966,0.0,0.2286,55.5,0.0022933599999999995
770,3100.0661399147193,19.7,0.0508,71.3,0.034118300000000004
771,714.3729194403891,12.3,0.1016,39.6,0.04082680000000001
772,1516.2202518284055,0.0,0.1524,39.6,0.0019328699999999997
773,3109.4265833222953,19.7,0.0508,39.6,0.036483999999999996
774,1649.5723110063116,9.9,0.1524,55.5,0.0208438
775,9798.500969783585,4.8,0.02540000000000002,55.5,0.0008732180000000003
776,2426.4742365058078,22.2,0.02540000000000002,71.3,0.0214178
777,2659.4012915462818,9.5,0.02540000000000002,39.6,0.00449821
778,1926.8778387944358,4.0,0.3048,39.6,0.00579636
779,11377.482951278445,0.0,0.0508,55.5,0.0007619299999999992
780,2705.3690969290647,0.0,0.3048,55.5,0.0028308099999999996
781,7363.702707066955,4.2,0.0508,39.6,0.0015268899999999995
782,1687.7107130356283,17.4,0.02540000000000002,31.7,0.017663099999999998
783,2777.992761641148,4.0,0.2286,71.3,0.00400603
784,2400.9764288161064,9.5,0.02540000000000002,39.6,0.00449821
785,7906.7731580604595,4.8,0.02540000000000002,39.6,0.0009074749999999996
786,4187.146909055012,3.0,0.3048,39.6,0.00495741
787,4842.844065757434,0.0,0.1016,31.7,0.0015009199999999993
788,2160.5568571154045,0.0,0.2286,31.7,0.0027238
789,3287.0965162506977,9.9,0.1524,55.5,0.0208438
790,2560.5329643143778,2.0,0.2286,31.7,0.003723709999999999
791,5265.189226755379,9.9,0.1524,55.5,0.0208438
792,773.609588809436,4.0,0.2286,39.6,0.00473801
793,2662.3122358142555,15.4,0.0508,39.6,0.0282593
794,2003.6905723810098,4.0,0.2286,31.7,0.00509068
795,3557.6508224760632,4.2,0.0508,71.3,0.0014278799999999994
796,5853.877677087529,0.0,0.1016,71.3,0.0012107200000000002
797,914.6712004664387,5.4,0.1524,55.5,0.00433288
798,3317.0329122238454,12.7,0.02540000000000002,71.3,0.012180799999999999
799,3141.1480935552463,12.6,0.1524,71.3,0.0483159
800,2676.9653498118832,11.2,0.0508,71.3,0.014072
801,2795.332206045686,0.0,0.2286,55.5,0.0022933599999999995
802,1113.9814918204288,12.3,0.1016,55.5,0.0368233
803,762.2393351844285,5.4,0.1524,31.7,0.00525474
804,493.867657682084,9.9,0.1524,55.5,0.0208438
805,979.6443238797608,12.7,0.02540000000000002,39.6,0.013025299999999998
806,19249.188939055035,12.7,0.02540000000000002,71.3,0.012180799999999999
807,1901.213331444038,4.0,0.3048,71.3,0.00497773
808,5225.065766680084,5.4,0.1524,31.7,0.00525474
809,3055.227513815079,17.4,0.02540000000000002,39.6,0.0172206
810,13665.081060614004,4.8,0.02540000000000002,55.5,0.0008732180000000003
811,4416.484331234196,22.2,0.02540000000000002,71.3,0.0214178
812,8741.339658238516,0.0,0.1524,31.7,0.00209405
813,11064.85593109966,0.0,0.2286,71.3,0.00214345
814,871.9757918048413,7.2,0.1524,71.3,0.00752039
815,319.9841290811132,4.0,0.3048,71.3,0.00497773
816,5344.206382071923,8.4,0.0508,71.3,0.00529514
817,986.561451710985,6.7,0.1016,55.5,0.0052139
818,5641.5120652648,8.4,0.0508,71.3,0.00529514
819,2065.064266309268,9.9,0.1524,71.3,0.019300099999999997
820,2743.35897411413,2.0,0.2286,55.5,0.003135249999999999
821,415.4742636265637,9.9,0.1524,71.3,0.019300099999999997
822,3562.943378861801,15.4,0.0508,71.3,0.0264269
823,11344.428788016554,0.0,0.2286,71.3,0.00214345
824,200.0,15.6,0.1016,39.6,0.0528487
825,4952.0436534116125,8.4,0.0508,39.6,0.00566229
826,10522.841278364758,0.0,0.02540000000000002,55.5,0.0004122899999999992
827,1006.7688447617404,12.3,0.1016,55.5,0.0368233
828,2616.0555373513407,0.0,0.3048,71.3,0.00266337
829,1818.6650889249836,0.0,0.1524,39.6,0.0019328699999999997
830,2139.240169812225,8.4,0.0508,31.7,0.00580776
831,2037.3229459094414,22.2,0.02540000000000002,39.6,0.022902799999999997
832,530.1503693198238,7.3,0.2286,71.3,0.010440399999999999
833,3387.69803758439,5.4,0.1524,71.3,0.004011990000000001
834,3499.5219501219453,3.0,0.3048,55.5,0.00452492
835,2274.770724759007,2.0,0.2286,55.5,0.003135249999999999
836,2548.4027927325847,0.0,0.2286,31.7,0.0027238
837,875.9561023689355,11.2,0.0508,39.6,0.015047799999999998
838,3875.709183454067,22.2,0.02540000000000002,39.6,0.022902799999999997
839,2694.1866075463545,8.4,0.0508,55.5,0.00544854
840,1953.076053413946,8.4,0.0508,39.6,0.00566229
841,7582.406433956016,3.0,0.3048,55.5,0.00452492
842,1526.3013178711585,9.5,0.02540000000000002,31.7,0.0046137700000000005
843,1342.6327318840854,12.6,0.1524,71.3,0.0483159
844,4080.8970959004782,6.7,0.1016,31.7,0.00592927
845,19290.228778185563,17.4,0.02540000000000002,71.3,0.016104
846,2888.1248681326606,3.0,0.3048,71.3,0.00425727
847,2877.4203828645104,9.5,0.02540000000000002,31.7,0.0046137700000000005
848,2450.7521246777396,8.4,0.0508,39.6,0.00566229
849,3362.547412862694,5.4,0.1524,39.6,0.00485029
850,2405.0404320131415,2.7,0.1524,71.3,0.0024385099999999996
851,5929.001186627771,4.8,0.02540000000000002,55.5,0.0008732180000000003
852,4293.03295296304,22.2,0.02540000000000002,71.3,0.0214178
853,1410.493302264062,12.7,0.02540000000000002,39.6,0.013025299999999998
854,2657.035807018856,0.0,0.1016,55.5,0.0013198299999999993
855,1237.1396716542274,9.9,0.1524,39.6,0.0233328
856,1128.3060176808297,6.7,0.1016,71.3,0.00478288
857,1469.3808450927686,7.2,0.1524,71.3,0.00752039
858,4695.370885639226,17.4,0.02540000000000002,55.5,0.016570599999999998
859,1632.8761494836438,15.6,0.1016,71.3,0.0437259
860,5608.72630784678,5.4,0.1524,55.5,0.00433288
861,1552.1224360614917,7.3,0.2286,31.7,0.0132672
862,1686.1787507675856,7.3,0.2286,71.3,0.010440399999999999
863,3650.5063051145244,8.4,0.0508,55.5,0.00544854
864,3136.5731179383974,8.4,0.0508,71.3,0.00529514
865,8426.854181036982,3.0,0.3048,31.7,0.00529514
866,2652.0828131529956,12.6,0.1524,39.6,0.058411300000000006
867,2189.191804899042,3.0,0.3048,39.6,0.00495741
868,320.02478733928683,4.0,0.3048,71.3,0.00497773
869,20000.0,1.5,0.3048,71.3,0.00336729
870,7300.055136210162,0.0,0.3048,39.6,0.003101380000000001
871,5212.535418488442,9.5,0.02540000000000002,31.7,0.0046137700000000005
872,8230.830039301123,0.0,0.1016,31.7,0.0015009199999999993
873,3153.4571425713752,8.9,0.1016,39.6,0.012459600000000001
874,1526.3283566234977,9.5,0.02540000000000002,31.7,0.0046137700000000005
875,2110.1755347332664,0.0,0.1016,55.5,0.0013198299999999993
876,489.5214088908856,9.9,0.1524,31.7,0.025278500000000002
877,5122.771161926158,3.3,0.1016,31.7,0.0025143500000000003
878,1245.9036144034965,11.2,0.0508,71.3,0.014072
879,530.1502519165747,7.3,0.2286,71.3,0.010440399999999999
880,2270.50077491435,3.0,0.3048,39.6,0.00495741
881,9256.753123736216,7.2,0.1524,39.6,0.00909175
882,961.2230013029364,12.3,0.1016,55.5,0.0368233
883,4987.78235113413,12.3,0.1016,55.5,0.0368233
884,2815.616708750415,22.2,0.02540000000000002,39.6,0.022902799999999997
885,9057.13986543824,15.4,0.0508,55.5,0.0271925
886,1523.9879837885821,15.6,0.1016,71.3,0.0437259
887,1289.9462452872056,12.6,0.1524,71.3,0.0483159
888,3036.031286500681,4.2,0.0508,39.6,0.0015268899999999995
889,2309.334126379943,4.0,0.2286,31.7,0.00509068
890,5923.4754704909665,4.8,0.02540000000000002,31.7,0.0009307889999999996
891,5454.454958928522,5.3,0.2286,71.3,0.0051942
892,5526.693863173799,4.2,0.0508,71.3,0.0014278799999999994
893,407.88151003311805,3.0,0.3048,55.5,0.00452492
894,3354.4638505892453,1.5,0.3048,39.6,0.0039210700000000005
895,15341.468298460004,0.0,0.0508,31.7,0.0008121640000000006
896,1335.4512218508492,5.4,0.1524,39.6,0.00485029
897,535.7075753814515,9.9,0.1524,31.7,0.025278500000000002
898,200.0,9.9,0.1524,31.7,0.025278500000000002
899,20000.0,15.4,0.0508,39.6,0.0282593
900,2664.864987501643,7.3,0.2286,55.5,0.011170600000000001
901,1334.1011707329856,7.2,0.1524,71.3,0.00752039
902,2599.4608135019234,12.7,0.02540000000000002,71.3,0.012180799999999999
903,1333.6922303757153,4.0,0.2286,71.3,0.00400603
904,2601.3564509144344,0.0,0.1524,55.5,0.0017266799999999995
905,849.1072107429036,15.6,0.1016,39.6,0.0528487
906,2621.6861352549836,4.0,0.2286,31.7,0.00509068
907,7865.439833361698,0.0,0.0508,55.5,0.0007619299999999992
908,11584.541235934215,17.4,0.02540000000000002,39.6,0.0172206
909,3244.541077743184,4.8,0.02540000000000002,39.6,0.0009074749999999996
910,20000.0,2.7,0.1524,71.3,0.0024385099999999996
911,1945.882386661494,15.4,0.0508,39.6,0.0282593
912,5225.050406902115,4.8,0.02540000000000002,39.6,0.0009074749999999996
913,951.5988046261612,15.4,0.0508,55.5,0.0271925
914,6311.784844485597,7.2,0.1524,71.3,0.00752039
915,727.608172088047,12.3,0.1016,31.7,0.0418756
916,2813.3028726714715,7.3,0.2286,39.6,0.0123481
917,3418.6000816152173,4.0,0.3048,39.6,0.00579636
918,2889.5393204257975,9.9,0.1524,39.6,0.0233328
919,7777.319467100134,0.0,0.2286,55.5,0.0022933599999999995
920,11995.115650139323,15.6,0.1016,39.6,0.0528487
921,2740.6847105846896,2.0,0.2286,39.6,0.00346574
922,7985.1595034865995,0.0,0.1016,71.3,0.0012107200000000002
923,11400.8024487982,3.3,0.1016,39.6,0.0024513799999999995
924,8552.85363662602,9.9,0.1524,39.6,0.0233328
925,871.7575646420835,5.4,0.1524,31.7,0.00525474
926,869.6098755946186,12.3,0.1016,31.7,0.0418756
927,1301.8611725842643,9.9,0.1524,71.3,0.019300099999999997
928,1279.3269693724415,12.3,0.1016,71.3,0.033779199999999995
929,9910.907625548953,0.0,0.02540000000000002,31.7,0.0004394719999999998
930,8615.342269546369,0.0,0.1016,71.3,0.0012107200000000002
931,2824.765526851569,4.0,0.2286,39.6,0.00473801
932,3720.986937428862,3.0,0.3048,31.7,0.00529514
933,1932.8420092308888,11.2,0.0508,39.6,0.015047799999999998
934,1645.237238818667,15.4,0.0508,55.5,0.0271925
935,3558.6151951557886,9.5,0.02540000000000002,39.6,0.00449821
936,2525.451736684053,12.7,0.02540000000000002,71.3,0.012180799999999999
937,1525.8818407147146,9.5,0.02540000000000002,31.7,0.0046137700000000005
938,926.7574428589853,8.9,0.1016,71.3,0.0103088
939,10485.93824479114,0.0,0.02540000000000002,39.6,0.00042846399999999993
940,2475.261421283218,0.0,0.2286,71.3,0.00214345
941,1699.1608193103486,12.3,0.1016,71.3,0.033779199999999995
942,2198.3235403223207,11.2,0.0508,71.3,0.014072
943,512.2716648175651,9.9,0.1524,39.6,0.0233328
944,1912.1260062297338,1.5,0.3048,71.3,0.00336729
945,3812.6852476590043,0.0,0.0508,39.6,0.0007918219999999993
946,2015.635661144618,7.3,0.2286,71.3,0.010440399999999999
947,8138.466974078047,8.9,0.1016,39.6,0.012459600000000001
948,2402.1700466183734,2.7,0.1524,71.3,0.0024385099999999996
949,8898.53920189448,0.0,0.0508,71.3,0.0007404779999999993
950,1012.5658658993577,19.7,0.0508,39.6,0.036483999999999996
951,1978.677847092048,15.6,0.1016,71.3,0.0437259
952,4313.854285057598,6.7,0.1016,55.5,0.0052139
953,2898.2758994963015,12.7,0.02540000000000002,71.3,0.012180799999999999
954,1916.7989075156734,0.0,0.1016,55.5,0.0013198299999999993
955,776.8775651007259,15.4,0.0508,39.6,0.0282593
956,818.6519893402406,12.3,0.1016,39.6,0.04082680000000001
957,2719.0002320395174,9.5,0.02540000000000002,55.5,0.004328399999999999
958,2552.812664819278,2.0,0.2286,39.6,0.00346574
959,1793.3020439019251,17.4,0.02540000000000002,39.6,0.0172206
960,2225.0006013302072,3.0,0.3048,55.5,0.00452492
961,18251.501033956734,4.8,0.02540000000000002,71.3,0.0008486329999999997
962,1855.5040781131934,3.0,0.3048,55.5,0.00452492
963,1967.5391205128503,6.7,0.1016,71.3,0.00478288
964,332.0165099074943,7.3,0.2286,55.5,0.011170600000000001
965,13816.43889339831,0.0,0.0508,71.3,0.0007404779999999993
966,8197.117152892197,8.9,0.1016,39.6,0.012459600000000001
967,4766.0850296768685,7.3,0.2286,31.7,0.0132672
968,447.9747552163126,5.3,0.2286,39.6,0.00614329
969,10602.167420706355,0.0,0.0508,39.6,0.0007918219999999993
970,7345.383793012849,3.0,0.3048,71.3,0.00425727
971,200.0,9.9,0.1524,31.7,0.025278500000000002
972,8720.82421472722,4.0,0.2286,71.3,0.00400603
973,200.0,12.3,0.1016,39.6,0.04082680000000001
974,10919.589558195767,0.0,0.0508,55.5,0.0007619299999999992
975,2321.0859556486203,0.0,0.3048,55.5,0.0028308099999999996
976,1571.7758759396008,2.0,0.2286,71.3,0.00293031
977,1163.2738826299606,5.4,0.1524,55.5,0.00433288
978,7051.609085579694,4.0,0.3048,71.3,0.00497773
979,537.5475689382633,8.9,0.1016,39.6,0.012459600000000001
980,2362.826161917401,3.3,0.1016,31.7,0.0025143500000000003
981,1709.1172232253402,12.7,0.02540000000000002,39.6,0.013025299999999998
982,910.6181825688088,8.4,0.0508,55.5,0.00544854
983,11637.506798476119,0.0,0.0508,71.3,0.0007404779999999993
984,1381.707853515336,3.3,0.1016,71.3,0.0020282200000000007
985,7123.636800549994,0.0,0.1016,31.7,0.0015009199999999993
986,200.0,12.3,0.1016,55.5,0.0368233
987,712.7725313566771,5.3,0.2286,71.3,0.0051942
988,200.0,12.3,0.1016,39.6,0.04082680000000001
989,2937.923989913617,0.0,0.2286,39.6,0.00253511
990,7666.69171994398,4.8,0.02540000000000002,71.3,0.0008486329999999997
991,7658.853755662127,4.8,0.02540000000000002,55.5,0.0008732180000000003
992,3955.363229417212,9.5,0.02540000000000002,55.5,0.004328399999999999
993,2695.738538680328,12.7,0.02540000000000002,39.6,0.013025299999999998
994,200.0,12.3,0.1016,31.7,0.0418756
995,12514.04096808812,0.0,0.02540000000000002,55.5,0.0004122899999999992
996,200.0,12.3,0.1016,39.6,0.04082680000000001
997,4428.987801943651,17.4,0.02540000000000002,55.5,0.016570599999999998
998,2789.109185313126,0.0,0.1524,31.7,0.00209405
999,2455.179739705171,3.0,0.3048,71.3,0.00425727
1000,3671.844669661182,0.0,0.0508,31.7,0.0008121640000000006
1001,3501.5047293646494,17.4,0.02540000000000002,55.5,0.016570599999999998
1002,2818.2272652089882,11.2,0.0508,39.6,0.015047799999999998
1003,4205.103206683398,0.0,0.02540000000000002,39.6,0.00042846399999999993
1004,1901.0630572419986,11.2,0.0508,71.3,0.014072
1005,1220.2638614106909,2.0,0.2286,31.7,0.003723709999999999
1006,4274.402411031197,22.2,0.02540000000000002,39.6,0.022902799999999997
1007,1219.0620400906162,2.0,0.2286,31.7,0.003723709999999999
1008,2204.682177317825,15.4,0.0508,55.5,0.0271925
1009,8941.649299039025,4.0,0.2286,71.3,0.00400603
1010,6075.417839179492,4.2,0.0508,39.6,0.0015268899999999995
1011,1327.2938018489301,15.4,0.0508,55.5,0.0271925
1012,4187.789762248816,2.7,0.1524,39.6,0.002948039999999999
1013,2214.0300264292705,12.7,0.02540000000000002,39.6,0.013025299999999998
1014,4096.765816361464,9.5,0.02540000000000002,55.5,0.004328399999999999
1015,9463.74793804164,0.0,0.3048,71.3,0.00266337
1016,1191.0946142860435,15.4,0.0508,31.7,0.028985300000000002
1017,1951.1404709376704,11.2,0.0508,39.6,0.015047799999999998
1018,2788.381939148461,0.0,0.3048,31.7,0.0033126600000000003
1019,20000.0,12.3,0.1016,31.7,0.0418756
1020,6473.3471447549255,3.0,0.3048,71.3,0.00425727
1021,1561.3910162415173,0.0,0.3048,55.5,0.0028308099999999996
1022,2669.24258514264,12.3,0.1016,39.6,0.04082680000000001
1023,2893.126455617319,0.0,0.0508,55.5,0.0007619299999999992
1024,4896.302818351938,11.2,0.0508,71.3,0.014072
1025,6988.304181591122,8.4,0.0508,39.6,0.00566229
1026,2460.3929883170476,4.0,0.2286,39.6,0.00473801
1027,6036.046990512892,0.0,0.0508,71.3,0.0007404779999999993
1028,10070.02286099143,0.0,0.1524,55.5,0.0017266799999999995
1029,200.0,7.3,0.2286,39.6,0.0123481
1030,538.5203849021268,8.9,0.1016,39.6,0.012459600000000001
1031,3037.9547285239064,4.2,0.0508,39.6,0.0015268899999999995
1032,1810.4606381398971,2.7,0.1524,71.3,0.0024385099999999996
1033,1831.857513075162,15.4,0.0508,31.7,0.028985300000000002
1034,4152.038301825469,1.5,0.3048,39.6,0.0039210700000000005
1035,7198.835052783205,8.9,0.1016,71.3,0.0103088
1036,986.5613409136001,6.7,0.1016,55.5,0.0052139
1037,2016.8182015650445,5.4,0.1524,71.3,0.004011990000000001
1038,1289.708451135987,3.3,0.1016,39.6,0.0024513799999999995
1039,1978.689464220154,8.4,0.0508,55.5,0.00544854
1040,7188.351471241445,3.3,0.1016,71.3,0.0020282200000000007
1041,20000.0,2.7,0.1524,39.6,0.002948039999999999
1042,482.3408197773192,7.3,0.2286,39.6,0.0123481
1043,6865.877843143482,8.9,0.1016,71.3,0.0103088
1044,1621.2323133565749,0.0,0.2286,71.3,0.00214345
1045,2294.484218984653,15.4,0.0508,71.3,0.0264269
1046,2982.676192501686,2.0,0.2286,31.7,0.003723709999999999
1047,2085.6933378562358,0.0,0.1524,55.5,0.0017266799999999995
1048,6031.989840881222,0.0,0.1016,55.5,0.0013198299999999993
1049,4070.7417835041233,5.4,0.1524,55.5,0.00433288
1050,1502.9599430326123,15.4,0.0508,39.6,0.0282593
1051,3989.0442732038746,8.9,0.1016,71.3,0.0103088
