,Frequency,Chord_length,Free-stream velocity,Suction side displacement thickness,Scaled sound pressure level
0,4000.0,0.0508,71.3,0.0014278799999999994,133.59799999999998
1,999.9999999999998,0.1016,71.3,0.0020282200000000007,131.434
2,200.0,0.2286,31.7,0.0132672,128.679
3,2500.0,0.2286,71.3,0.00293031,127.006
4,4000.0,0.02540000000000002,71.3,0.0008486329999999997,134.928
5,2000.0,0.1524,39.6,0.002948039999999999,128.139
6,500.0,0.2286,39.6,0.00614329,132.251
7,2000.0,0.0508,55.5,0.0271925,127.04
8,800.0,0.0508,71.3,0.0264269,131.515
9,2000.0,0.02540000000000002,71.3,0.004206539999999999,134.976
10,3150.0,0.1524,71.3,0.001598800000000001,129.377
11,800.0,0.02540000000000002,31.7,0.017663099999999998,139.226
12,3150.0,0.0508,39.6,0.0282593,120.51299999999999
13,2000.0,0.1016,39.6,0.00578076,122.235
14,800.0,0.1524,71.3,0.00752039,136.023
15,6300.0,0.2286,39.6,0.0123481,110.839
16,2000.0,0.1524,31.7,0.00525474,122.771
17,20000.0,0.02540000000000002,55.5,0.0004122899999999992,121.93299999999999
18,3150.0,0.0508,39.6,0.015047799999999998,119.67
19,800.0,0.2286,31.7,0.0132672,123.209
20,500.0,0.0508,39.6,0.036483999999999996,128.444
21,16000.0,0.02540000000000002,31.7,0.0004394719999999998,125.62700000000001
22,1250.0,0.2286,71.3,0.00214345,128.144
23,315.0,0.1016,39.6,0.0528487,122.75399999999999
24,500.0,0.0508,71.3,0.014072,130.311
25,3150.0,0.0508,71.3,0.0264269,125.715
26,16000.0,0.02540000000000002,55.5,0.0008732180000000003,124.39399999999999
27,999.9999999999998,0.2286,71.3,0.010440399999999999,126.838
28,5000.0,0.2286,39.6,0.00614329,115.311
29,500.0,0.3048,39.6,0.00579636,130.173
30,250.0,0.1016,71.3,0.033779199999999995,131.56799999999998
31,200.0,0.0508,71.3,0.0264269,123.595
32,1250.0,0.0508,71.3,0.0264269,130.845
33,630.0,0.1016,55.5,0.0022109999999999994,126.59899999999999
34,1600.0,0.1016,71.3,0.0012107200000000002,131.725
35,3150.0,0.1016,39.6,0.0024513799999999995,128.401
36,250.0,0.1524,71.3,0.019300099999999997,135.329
37,1600.0,0.2286,55.5,0.003135249999999999,126.75200000000001
38,1600.0,0.1524,31.7,0.025278500000000002,117.119
39,1600.0,0.1524,55.5,0.00433288,130.567
40,999.9999999999998,0.1524,31.7,0.00209405,130.987
41,4000.0,0.2286,39.6,0.00614329,115.801
42,1600.0,0.02540000000000002,39.6,0.0009074749999999996,125.96600000000001
43,10000.0,0.02540000000000002,55.5,0.0004122899999999992,134.563
44,4000.0,0.3048,39.6,0.003101380000000001,119.229
45,1250.0,0.3048,71.3,0.00266337,125.95100000000001
46,5000.0,0.3048,31.7,0.0033126600000000003,115.645
47,5000.0,0.1524,71.3,0.019300099999999997,114.569
48,1600.0,0.2286,39.6,0.00614329,123.081
49,2500.0,0.1016,55.5,0.0368233,117.054
50,250.0,0.0508,39.6,0.0282593,122.89299999999999
51,5000.0,0.02540000000000002,31.7,0.0004394719999999998,138.607
52,3150.0,0.3048,39.6,0.00579636,118.743
53,1600.0,0.0508,39.6,0.0015268899999999995,130.197
54,500.0,0.1524,39.6,0.00909175,132.658
55,400.0,0.2286,39.6,0.00253511,123.565
56,630.0,0.02540000000000002,71.3,0.016104,122.60600000000001
57,800.0,0.1524,39.6,0.0233328,126.345
58,2500.0,0.0508,71.3,0.00529514,134.226
59,315.0,0.0508,71.3,0.0264269,126.195
60,1600.0,0.3048,55.5,0.0028308099999999996,126.986
61,5000.0,0.1016,71.3,0.033779199999999995,116.10799999999999
62,5000.0,0.2286,39.6,0.0123481,111.959
63,315.0,0.3048,71.3,0.00497773,128.175
64,500.0,0.2286,71.3,0.00400603,126.758
65,4000.0,0.0508,39.6,0.036483999999999996,108.684
66,2500.0,0.0508,71.3,0.0014278799999999994,131.97799999999998
67,3150.0,0.1016,71.3,0.0437259,116.46799999999999
68,3150.0,0.2286,39.6,0.00614329,118.441
69,1250.0,0.1016,39.6,0.04082680000000001,121.165
70,3150.0,0.02540000000000002,71.3,0.00040068199999999943,137.007
71,500.0,0.1016,55.5,0.0368233,133.774
72,800.0,0.1524,55.5,0.0017266799999999995,126.713
73,500.0,0.1524,31.7,0.025278500000000002,127.179
74,800.0,0.0508,71.3,0.034118300000000004,124.555
75,500.0,0.2286,55.5,0.011170600000000001,133.174
76,800.0,0.2286,55.5,0.0022933599999999995,127.53
77,999.9999999999998,0.0508,71.3,0.0264269,131.865
78,3150.0,0.1524,39.6,0.00485029,119.137
79,800.0,0.2286,31.7,0.0027238,130.725
80,3150.0,0.02540000000000002,55.5,0.0008732180000000003,132.35399999999998
81,1250.0,0.0508,39.6,0.00566229,131.205
82,1600.0,0.1016,39.6,0.00578076,127.375
83,2000.0,0.3048,55.5,0.00452492,123.069
84,500.0,0.1524,71.3,0.004011990000000001,126.291
85,10000.0,0.02540000000000002,39.6,0.00042846399999999993,133.376
86,1250.0,0.3048,71.3,0.00425727,127.634
87,6300.0,0.1016,55.5,0.0013198299999999993,127.73
88,2500.0,0.1524,71.3,0.00752039,124.353
89,4000.0,0.1524,39.6,0.0233328,112.265
90,2500.0,0.2286,55.5,0.011170600000000001,118.994
91,630.0,0.0508,39.6,0.036483999999999996,120.324
92,1600.0,0.1016,39.6,0.012459600000000001,123.82
93,8000.0,0.02540000000000002,71.3,0.012180799999999999,120.538
94,4000.0,0.1016,31.7,0.0015009199999999993,126.93299999999999
95,1250.0,0.1524,31.7,0.025278500000000002,118.619
96,999.9999999999998,0.02540000000000002,31.7,0.0009307889999999996,125.348
97,800.0,0.1524,39.6,0.00909175,132.358
98,999.9999999999998,0.0508,39.6,0.036483999999999996,118.904
99,4000.0,0.2286,55.5,0.003135249999999999,122.23200000000001
100,2500.0,0.3048,31.7,0.00529514,119.598
101,630.0,0.1016,39.6,0.00578076,133.355
102,6300.0,0.1524,55.5,0.0208438,110.555
103,2500.0,0.2286,31.7,0.0132672,114.709
104,500.0,0.3048,31.7,0.00529514,127.54799999999999
105,2000.0,0.1524,31.7,0.025278500000000002,116.859
106,2500.0,0.1016,31.7,0.0025143500000000003,130.392
107,6300.0,0.2286,55.5,0.004286199999999999,117.154
108,3150.0,0.1016,39.6,0.012459600000000001,119.35
109,630.0,0.3048,39.6,0.00579636,131.07299999999998
110,3150.0,0.1524,39.6,0.00909175,111.818
111,6300.0,0.1524,71.3,0.004011990000000001,116.411
112,500.0,0.0508,39.6,0.0282593,125.963
113,500.0,0.02540000000000002,31.7,0.0046137700000000005,126.88600000000001
114,1250.0,0.2286,55.5,0.011170600000000001,125.72399999999999
115,8000.0,0.1524,39.6,0.0019328699999999997,120.553
116,5000.0,0.1524,71.3,0.001598800000000001,126.45700000000001
117,500.0,0.0508,39.6,0.015047799999999998,131.96
118,12500.0,0.1524,71.3,0.0024385099999999996,113.03399999999999
119,1600.0,0.1524,55.5,0.0208438,119.875
120,3150.0,0.1524,31.7,0.00525474,118.291
121,6300.0,0.2286,71.3,0.00214345,122.044
122,1250.0,0.1524,71.3,0.00752039,132.513
123,1250.0,0.2286,71.3,0.00293031,128.816
124,1250.0,0.1524,39.6,0.058411300000000006,112.16
125,1600.0,0.3048,39.6,0.00579636,123.213
126,400.0,0.1524,39.6,0.0233328,128.345
127,315.0,0.3048,31.7,0.00529514,123.118
128,2500.0,0.0508,31.7,0.028985300000000002,119.945
129,1600.0,0.1524,39.6,0.0019328699999999997,131.013
130,630.0,0.02540000000000002,55.5,0.016570599999999998,122.411
131,4000.0,0.1524,31.7,0.025278500000000002,111.459
132,1600.0,0.2286,39.6,0.00253511,127.095
133,1250.0,0.02540000000000002,31.7,0.0046137700000000005,131.446
134,3150.0,0.02540000000000002,39.6,0.0009074749999999996,133.436
135,4000.0,0.0508,71.3,0.034118300000000004,113.045
136,5000.0,0.0508,71.3,0.0007404779999999993,134.43
137,6300.0,0.1524,39.6,0.00485029,116.677
138,8000.0,0.3048,39.6,0.0039210700000000005,112.251
139,2500.0,0.0508,39.6,0.00566229,127.465
140,250.0,0.1524,71.3,0.0483159,129.744
141,5000.0,0.02540000000000002,39.6,0.0009074749999999996,135.42600000000002
142,630.0,0.1524,31.7,0.00209405,125.99700000000001
143,999.9999999999998,0.3048,55.5,0.0028308099999999996,126.96600000000001
144,630.0,0.0508,55.5,0.00544854,126.152
145,999.9999999999998,0.1016,39.6,0.04082680000000001,122.435
146,500.0,0.2286,39.6,0.0123481,130.299
147,8000.0,0.1524,55.5,0.00433288,114.927
148,5000.0,0.02540000000000002,71.3,0.0008486329999999997,135.468
149,8000.0,0.1524,71.3,0.00752039,113.333
150,630.0,0.1524,71.3,0.019300099999999997,129.889
151,2500.0,0.0508,55.5,0.00544854,131.542
152,2000.0,0.1524,71.3,0.00752039,128.643
153,315.0,0.1016,31.7,0.00592927,126.266
154,5000.0,0.02540000000000002,71.3,0.012180799999999999,128.97799999999998
155,12500.0,0.1524,71.3,0.001598800000000001,117.087
156,2500.0,0.02540000000000002,39.6,0.013025299999999998,129.02700000000002
157,1250.0,0.3048,31.7,0.0033126600000000003,124.355
158,1250.0,0.2286,39.6,0.00253511,129.395
159,400.0,0.2286,31.7,0.00509068,126.149
160,400.0,0.1524,55.5,0.0208438,131.605
161,999.9999999999998,0.0508,71.3,0.0007404779999999993,129.45
162,999.9999999999998,0.2286,55.5,0.004286199999999999,132.134
163,3150.0,0.02540000000000002,39.6,0.0172206,123.564
164,2500.0,0.3048,39.6,0.00495741,120.162
165,2500.0,0.02540000000000002,71.3,0.00040068199999999943,133.707
166,8000.0,0.2286,71.3,0.00293031,115.99600000000001
167,200.0,0.0508,39.6,0.036483999999999996,125.97399999999999
168,4000.0,0.2286,71.3,0.00293031,124.086
169,500.0,0.1524,39.6,0.00485029,129.937
170,3150.0,0.3048,31.7,0.0033126600000000003,119.135
171,630.0,0.0508,71.3,0.0264269,129.645
172,2500.0,0.02540000000000002,31.7,0.0004394719999999998,132.89700000000002
173,500.0,0.2286,39.6,0.00473801,127.039
174,2000.0,0.0508,39.6,0.0282593,123.443
175,800.0,0.1016,31.7,0.0025143500000000003,131.362
176,4000.0,0.0508,31.7,0.0008121640000000006,134.11
177,315.0,0.2286,31.7,0.0132672,130.239
178,1600.0,0.3048,31.7,0.00529514,122.088
179,10000.0,0.3048,55.5,0.0028308099999999996,113.07600000000001
180,315.0,0.1524,71.3,0.0483159,128.484
181,250.0,0.1016,55.5,0.0368233,133.29399999999998
182,4000.0,0.1016,39.6,0.0014633200000000006,127.801
183,400.0,0.02540000000000002,39.6,0.00449821,121.154
184,2500.0,0.02540000000000002,55.5,0.004328399999999999,134.15200000000002
185,500.0,0.1016,71.3,0.033779199999999995,140.158
186,999.9999999999998,0.02540000000000002,55.5,0.004328399999999999,130.332
187,3150.0,0.02540000000000002,71.3,0.016104,126.536
188,1250.0,0.3048,71.3,0.00336729,125.87200000000001
189,10000.0,0.3048,71.3,0.00425727,110.22399999999999
190,2000.0,0.3048,55.5,0.0028308099999999996,126.616
191,4000.0,0.1016,71.3,0.0020282200000000007,128.704
192,1600.0,0.02540000000000002,55.5,0.016570599999999998,126.471
193,5000.0,0.2286,71.3,0.010440399999999999,115.29799999999999
194,999.9999999999998,0.1016,39.6,0.00578076,134.515
195,999.9999999999998,0.1524,39.6,0.0233328,123.835
196,4000.0,0.0508,71.3,0.0264269,122.675
197,1600.0,0.2286,39.6,0.0123481,121.059
198,4000.0,0.1524,71.3,0.019300099999999997,115.079
199,800.0,0.02540000000000002,71.3,0.004206539999999999,127.206
200,10000.0,0.3048,39.6,0.003101380000000001,112.139
201,10000.0,0.0508,31.7,0.0008121640000000006,122.45
202,12500.0,0.3048,39.6,0.003101380000000001,109.619
203,999.9999999999998,0.1016,31.7,0.0025143500000000003,133.012
204,400.0,0.1016,39.6,0.012459600000000001,135.54
205,999.9999999999998,0.1524,71.3,0.001598800000000001,127.307
206,1600.0,0.1524,71.3,0.019300099999999997,121.789
207,4000.0,0.1524,55.5,0.0208438,112.945
208,400.0,0.02540000000000002,39.6,0.0172206,115.444
209,630.0,0.1016,31.7,0.00592927,132.116
210,1600.0,0.1524,71.3,0.0024385099999999996,130.644
211,999.9999999999998,0.1524,39.6,0.00485029,130.507
212,1250.0,0.1016,31.7,0.00592927,129.256
213,6300.0,0.02540000000000002,71.3,0.016104,119.916
214,2500.0,0.1524,31.7,0.025278500000000002,114.729
215,250.0,0.3048,39.6,0.003101380000000001,119.319
216,315.0,0.0508,39.6,0.036483999999999996,129.864
217,8000.0,0.02540000000000002,55.5,0.0004122899999999992,136.16299999999998
218,1250.0,0.1016,39.6,0.0024513799999999995,133.211
219,315.0,0.1524,39.6,0.0233328,128.595
220,630.0,0.1016,39.6,0.0024513799999999995,127.251
221,800.0,0.3048,39.6,0.0039210700000000005,128.83100000000002
222,2000.0,0.1524,55.5,0.0017266799999999995,129.673
223,3150.0,0.2286,71.3,0.00293031,126.116
224,800.0,0.0508,71.3,0.014072,136.031
225,630.0,0.2286,31.7,0.003723709999999999,129.05700000000002
226,315.0,0.2286,39.6,0.00346574,120.137
227,999.9999999999998,0.02540000000000002,71.3,0.016104,125.816
228,2500.0,0.1016,71.3,0.033779199999999995,121.318
229,2500.0,0.1524,71.3,0.001598800000000001,128.127
230,2000.0,0.0508,39.6,0.0015268899999999995,132.58700000000002
231,800.0,0.02540000000000002,31.7,0.0046137700000000005,130.746
232,500.0,0.1524,55.5,0.0017266799999999995,120.573
233,800.0,0.1524,71.3,0.0483159,123.054
234,630.0,0.2286,71.3,0.010440399999999999,133.768
235,3150.0,0.2286,55.5,0.004286199999999999,122.39399999999999
236,3150.0,0.02540000000000002,31.7,0.0046137700000000005,128.536
237,3150.0,0.0508,71.3,0.0007404779999999993,135.07
238,1600.0,0.02540000000000002,39.6,0.0172206,127.61399999999999
239,1600.0,0.2286,31.7,0.0132672,119.039
240,4000.0,0.1524,39.6,0.058411300000000006,104.5
241,12500.0,0.3048,71.3,0.00266337,112.241
242,5000.0,0.3048,31.7,0.00529514,113.85799999999999
243,800.0,0.1524,71.3,0.004011990000000001,131.281
244,500.0,0.2286,31.7,0.00509068,128.939
245,999.9999999999998,0.1016,39.6,0.0014633200000000006,130.781
246,1600.0,0.02540000000000002,39.6,0.022902799999999997,122.21600000000001
247,6300.0,0.1524,55.5,0.0017266799999999995,123.303
248,8000.0,0.2286,71.3,0.0051942,114.9
249,2500.0,0.2286,31.7,0.00509068,120.209
250,4000.0,0.02540000000000002,39.6,0.00042846399999999993,135.346
251,8000.0,0.0508,71.3,0.0007404779999999993,130.89
252,800.0,0.1016,55.5,0.0022109999999999994,129.119
253,630.0,0.3048,31.7,0.00529514,128.69799999999998
254,630.0,0.1016,39.6,0.0014633200000000006,125.40100000000001
255,3150.0,0.2286,55.5,0.0022933599999999995,125.16
256,800.0,0.3048,71.3,0.00266337,126.20100000000001
257,12500.0,0.02540000000000002,71.3,0.0008486329999999997,127.68799999999999
258,1250.0,0.0508,39.6,0.0282593,126.743
259,8000.0,0.2286,71.3,0.00400603,112.848
260,2000.0,0.1016,39.6,0.0024513799999999995,132.30100000000002
261,2500.0,0.3048,39.6,0.003101380000000001,121.399
262,2500.0,0.1524,55.5,0.0208438,118.365
263,200.0,0.1016,55.5,0.0368233,132.304
264,1250.0,0.1524,39.6,0.002948039999999999,130.829
265,999.9999999999998,0.2286,71.3,0.00400603,131.708
266,6300.0,0.2286,55.5,0.011170600000000001,111.53399999999999
267,250.0,0.2286,39.6,0.00614329,127.01100000000001
268,2500.0,0.02540000000000002,71.3,0.0008486329999999997,130.828
269,2500.0,0.2286,39.6,0.00614329,116.15100000000001
270,3150.0,0.1016,71.3,0.033779199999999995,120.79799999999999
271,200.0,0.0508,39.6,0.0282593,121.78299999999999
272,500.0,0.1016,71.3,0.0103088,138.523
273,10000.0,0.1524,71.3,0.0024385099999999996,116.72399999999999
274,400.0,0.02540000000000002,71.3,0.0214178,117.927
275,1600.0,0.2286,71.3,0.0051942,130.46
276,6300.0,0.1016,31.7,0.0015009199999999993,124.25299999999999
277,3150.0,0.0508,31.7,0.0008121640000000006,135.49
278,2000.0,0.1016,71.3,0.0103088,124.23299999999999
279,4000.0,0.1524,71.3,0.001598800000000001,128.857
280,5000.0,0.1524,71.3,0.0483159,108.03399999999999
281,800.0,0.2286,55.5,0.011170600000000001,128.444
282,400.0,0.02540000000000002,39.6,0.013025299999999998,125.527
283,1250.0,0.1524,71.3,0.004011990000000001,134.111
284,3150.0,0.0508,71.3,0.014072,127.141
285,2500.0,0.2286,39.6,0.00253511,125.025
286,1250.0,0.1016,71.3,0.0020282200000000007,132.304
287,12500.0,0.3048,39.6,0.0039210700000000005,106.111
288,200.0,0.1016,39.6,0.012459600000000001,133.42
289,2000.0,0.2286,71.3,0.00293031,126.896
290,1600.0,0.1524,71.3,0.001598800000000001,129.667
291,1250.0,0.2286,71.3,0.010440399999999999,127.35799999999999
292,1250.0,0.02540000000000002,39.6,0.0009074749999999996,125.02600000000001
293,1600.0,0.2286,39.6,0.00346574,125.837
294,1250.0,0.3048,39.6,0.00495741,125.802
295,400.0,0.2286,31.7,0.003723709999999999,123.417
296,4000.0,0.1016,39.6,0.0528487,106.604
297,12500.0,0.2286,71.3,0.00400603,114.258
298,5000.0,0.3048,71.3,0.00497773,117.785
299,1600.0,0.1524,39.6,0.002948039999999999,130.049
300,500.0,0.1524,71.3,0.0483159,121.664
301,2000.0,0.2286,31.7,0.0132672,115.309
302,4000.0,0.2286,71.3,0.0051942,120.33
303,999.9999999999998,0.0508,71.3,0.034118300000000004,121.885
304,2000.0,0.1016,31.7,0.0418756,110.447
305,5000.0,0.2286,39.6,0.00473801,117.649
306,10000.0,0.1016,31.7,0.0015009199999999993,115.89299999999999
307,6300.0,0.02540000000000002,55.5,0.0004122899999999992,136.10299999999998
308,5000.0,0.3048,39.6,0.0039210700000000005,116.241
309,1250.0,0.1016,71.3,0.033779199999999995,126.648
310,315.0,0.1524,31.7,0.00525474,125.741
311,2000.0,0.3048,39.6,0.0039210700000000005,122.101
312,8000.0,0.1016,71.3,0.0020282200000000007,121.234
313,2500.0,0.1524,71.3,0.0024385099999999996,128.334
314,1600.0,0.02540000000000002,71.3,0.016104,126.406
315,2500.0,0.1524,39.6,0.0233328,116.295
316,10000.0,0.02540000000000002,39.6,0.013025299999999998,116.01700000000001
317,2500.0,0.2286,71.3,0.00214345,128.35399999999998
318,800.0,0.0508,39.6,0.036483999999999996,119.17399999999999
319,1600.0,0.1524,55.5,0.0017266799999999995,130.183
320,5000.0,0.1524,71.3,0.0024385099999999996,124.36399999999999
321,2500.0,0.1524,71.3,0.019300099999999997,119.639
322,4000.0,0.02540000000000002,55.5,0.0004122899999999992,133.22299999999998
323,3150.0,0.1016,71.3,0.00478288,124.458
324,200.0,0.1016,39.6,0.0528487,123.514
325,500.0,0.2286,31.7,0.0132672,128.16899999999998
326,8000.0,0.3048,71.3,0.00266337,117.15100000000001
327,2000.0,0.02540000000000002,55.5,0.016570599999999998,125.26100000000001
328,2000.0,0.02540000000000002,39.6,0.00449821,131.274
329,2000.0,0.1524,71.3,0.004011990000000001,131.111
330,5000.0,0.1524,39.6,0.00485029,117.037
331,2000.0,0.1016,55.5,0.0022109999999999994,133.649
332,400.0,0.2286,39.6,0.00473801,123.87899999999999
333,400.0,0.0508,39.6,0.036483999999999996,130.614
334,999.9999999999998,0.2286,39.6,0.00473801,129.969
335,8000.0,0.1524,39.6,0.002948039999999999,116.65899999999999
336,200.0,0.02540000000000002,31.7,0.0046137700000000005,119.146
337,200.0,0.02540000000000002,31.7,0.017663099999999998,116.146
338,8000.0,0.1016,39.6,0.0024513799999999995,118.09100000000001
339,8000.0,0.3048,55.5,0.0028308099999999996,116.476
340,6300.0,0.3048,55.5,0.0028308099999999996,117.976
341,4000.0,0.1524,39.6,0.00909175,114.258
342,1250.0,0.1016,71.3,0.00478288,137.658
343,800.0,0.3048,39.6,0.00495741,129.55200000000002
344,630.0,0.02540000000000002,31.7,0.017663099999999998,136.886
345,400.0,0.1016,55.5,0.0368233,136.414
346,5000.0,0.1524,71.3,0.004011990000000001,120.061
347,400.0,0.0508,71.3,0.014072,129.281
348,630.0,0.02540000000000002,39.6,0.0009074749999999996,118.696
349,2500.0,0.3048,55.5,0.00452492,122.439
350,2000.0,0.1524,71.3,0.0024385099999999996,130.114
351,800.0,0.0508,31.7,0.00580776,128.246
352,315.0,0.2286,39.6,0.00253511,121.055
353,1250.0,0.3048,31.7,0.00529514,124.838
354,3150.0,0.1524,39.6,0.0019328699999999997,125.603
355,2000.0,0.02540000000000002,39.6,0.00042846399999999993,130.026
356,200.0,0.1524,55.5,0.0208438,131.955
357,3150.0,0.0508,39.6,0.00566229,123.965
358,1600.0,0.1016,71.3,0.0103088,128.763
359,500.0,0.2286,31.7,0.003723709999999999,126.677
360,999.9999999999998,0.0508,71.3,0.014072,136.941
361,400.0,0.2286,71.3,0.0051942,127.7
362,4000.0,0.1016,55.5,0.0013198299999999993,129.5
363,10000.0,0.02540000000000002,71.3,0.00040068199999999943,130.787
364,250.0,0.0508,71.3,0.014072,127.101
365,4000.0,0.2286,39.6,0.00346574,120.227
366,4000.0,0.1016,71.3,0.033779199999999995,118.01799999999999
367,800.0,0.02540000000000002,71.3,0.012180799999999999,130.34799999999998
368,3150.0,0.1016,39.6,0.0014633200000000006,130.961
369,2000.0,0.3048,39.6,0.003101380000000001,123.689
370,6300.0,0.02540000000000002,55.5,0.016570599999999998,114.861
371,6300.0,0.1016,31.7,0.0025143500000000003,120.70200000000001
372,2000.0,0.2286,55.5,0.004286199999999999,124.25399999999999
373,250.0,0.1524,55.5,0.0208438,133.235
374,400.0,0.1524,31.7,0.00525474,127.781
375,1250.0,0.2286,39.6,0.00473801,128.339
376,315.0,0.1016,71.3,0.0437259,133.808
377,2500.0,0.1016,39.6,0.0528487,110.264
378,800.0,0.2286,55.5,0.004286199999999999,131.864
379,2500.0,0.02540000000000002,39.6,0.00449821,131.234
380,400.0,0.1016,31.7,0.00592927,128.296
381,10000.0,0.3048,71.3,0.00336729,113.492
382,3150.0,0.3048,71.3,0.00336729,123.39200000000001
383,8000.0,0.3048,31.7,0.0033126600000000003,110.515
384,200.0,0.3048,31.7,0.0033126600000000003,117.195
385,800.0,0.0508,39.6,0.015047799999999998,133.79
386,3150.0,0.02540000000000002,71.3,0.004206539999999999,136.166
387,800.0,0.02540000000000002,71.3,0.0214178,123.227
388,999.9999999999998,0.2286,55.5,0.011170600000000001,125.194
389,500.0,0.0508,31.7,0.00580776,122.96600000000001
390,999.9999999999998,0.3048,55.5,0.00452492,129.329
391,500.0,0.2286,39.6,0.00253511,126.195
392,5000.0,0.02540000000000002,39.6,0.00449821,125.044
393,2000.0,0.2286,39.6,0.0123481,117.809
394,5000.0,0.1524,71.3,0.00752039,118.34299999999999
395,10000.0,0.02540000000000002,71.3,0.0008486329999999997,127.398
396,2000.0,0.1016,55.5,0.0052139,129.653
397,800.0,0.1524,39.6,0.058411300000000006,116.56
398,4000.0,0.3048,31.7,0.0033126600000000003,118.145
399,8000.0,0.0508,71.3,0.0014278799999999994,125.26799999999999
400,4000.0,0.2286,39.6,0.0123481,114.079
401,315.0,0.2286,31.7,0.0027238,120.595
402,1600.0,0.3048,71.3,0.00425727,126.514
403,1600.0,0.0508,71.3,0.00529514,133.846
404,6300.0,0.0508,71.3,0.0264269,115.215
405,6300.0,0.02540000000000002,71.3,0.012180799999999999,125.398
406,5000.0,0.3048,71.3,0.00336729,119.632
407,20000.0,0.02540000000000002,71.3,0.00040068199999999943,123.21700000000001
408,800.0,0.1016,55.5,0.0013198299999999993,127.92
409,6300.0,0.1524,71.3,0.0024385099999999996,121.944
410,4000.0,0.1016,71.3,0.0103088,120.243
411,1600.0,0.1016,39.6,0.0014633200000000006,133.261
412,250.0,0.02540000000000002,39.6,0.022902799999999997,117.38600000000001
413,2500.0,0.1016,71.3,0.00478288,131.458
414,630.0,0.1524,39.6,0.002948039999999999,125.809
415,4000.0,0.1016,71.3,0.0012107200000000002,130.935
416,400.0,0.02540000000000002,31.7,0.017663099999999998,120.766
417,400.0,0.02540000000000002,31.7,0.0046137700000000005,124.756
418,6300.0,0.02540000000000002,39.6,0.013025299999999998,123.177
419,500.0,0.1524,55.5,0.00433288,129.36700000000002
420,800.0,0.2286,71.3,0.010440399999999999,130.748
421,800.0,0.1016,39.6,0.0014633200000000006,128.401
422,200.0,0.02540000000000002,39.6,0.022902799999999997,116.066
423,200.0,0.02540000000000002,39.6,0.00449821,116.074
424,4000.0,0.1524,39.6,0.00485029,117.137
425,2000.0,0.3048,71.3,0.00266337,127.461
426,800.0,0.1016,71.3,0.0437259,124.18799999999999
427,2500.0,0.02540000000000002,71.3,0.016104,126.74600000000001
428,3150.0,0.3048,39.6,0.00495741,118.92200000000001
429,1250.0,0.0508,55.5,0.0007619299999999992,127.07600000000001
430,999.9999999999998,0.1524,55.5,0.00433288,132.127
431,315.0,0.2286,39.6,0.00614329,129.691
432,630.0,0.2286,39.6,0.00253511,128.705
433,5000.0,0.1016,55.5,0.0022109999999999994,124.839
434,315.0,0.1016,71.3,0.033779199999999995,137.06799999999998
435,10000.0,0.1016,39.6,0.0014633200000000006,119.561
436,999.9999999999998,0.02540000000000002,39.6,0.013025299999999998,130.947
437,500.0,0.1524,71.3,0.019300099999999997,131.279
438,2000.0,0.1524,71.3,0.0483159,117.50399999999999
439,6300.0,0.02540000000000002,71.3,0.0008486329999999997,134.498
440,1250.0,0.0508,71.3,0.00529514,132.086
441,400.0,0.2286,71.3,0.00293031,125.116
442,800.0,0.1524,39.6,0.00485029,132.757
443,315.0,0.3048,39.6,0.003101380000000001,122.779
444,2000.0,0.2286,39.6,0.00473801,121.65899999999999
445,8000.0,0.1016,55.5,0.0013198299999999993,124.45
446,3150.0,0.02540000000000002,31.7,0.0009307889999999996,134.268
447,800.0,0.1016,31.7,0.0418756,120.037
448,200.0,0.0508,55.5,0.0271925,122.94
449,500.0,0.3048,71.3,0.00425727,128.454
450,2500.0,0.1524,39.6,0.058411300000000006,106.88
451,800.0,0.1016,71.3,0.0103088,137.813
452,800.0,0.02540000000000002,55.5,0.016570599999999998,123.09100000000001
453,5000.0,0.2286,55.5,0.011170600000000001,113.14399999999999
454,1250.0,0.1016,39.6,0.00578076,132.395
455,200.0,0.0508,71.3,0.034118300000000004,118.005
456,630.0,0.2286,39.6,0.00473801,129.579
457,2000.0,0.1016,31.7,0.0025143500000000003,131.642
458,3150.0,0.02540000000000002,31.7,0.017663099999999998,123.46600000000001
459,2000.0,0.02540000000000002,31.7,0.0004394719999999998,130.697
460,8000.0,0.0508,39.6,0.0007918219999999993,128.518
461,800.0,0.0508,31.7,0.0008121640000000006,122.79
462,630.0,0.2286,55.5,0.0022933599999999995,126.16
463,2000.0,0.1524,39.6,0.058411300000000006,109.52
464,630.0,0.2286,55.5,0.003135249999999999,126.84200000000001
465,630.0,0.1016,55.5,0.0052139,133.023
466,315.0,0.2286,31.7,0.00509068,123.609
467,3150.0,0.0508,55.5,0.0007619299999999992,134.826
468,1250.0,0.02540000000000002,31.7,0.0009307889999999996,127.40799999999999
469,4000.0,0.2286,31.7,0.0132672,112.639
470,500.0,0.02540000000000002,71.3,0.012180799999999999,126.898
471,800.0,0.1016,31.7,0.00592927,132.886
472,250.0,0.1016,39.6,0.012459600000000001,134.34
473,999.9999999999998,0.3048,39.6,0.003101380000000001,127.899
474,1600.0,0.02540000000000002,31.7,0.017663099999999998,126.846
475,500.0,0.0508,55.5,0.00544854,123.742
476,400.0,0.3048,71.3,0.00425727,127.564
477,1250.0,0.1524,31.7,0.00209405,131.467
478,630.0,0.0508,55.5,0.0271925,129.33
479,500.0,0.02540000000000002,39.6,0.0009074749999999996,116.366
480,16000.0,0.02540000000000002,71.3,0.00040068199999999943,130.477
481,2000.0,0.2286,39.6,0.00346574,122.79700000000001
482,2000.0,0.2286,39.6,0.00253511,125.305
483,3150.0,0.1016,71.3,0.0020282200000000007,132.114
484,4000.0,0.1016,39.6,0.04082680000000001,110.905
485,6300.0,0.3048,71.3,0.00497773,116.165
486,2000.0,0.1016,39.6,0.012459600000000001,119.04
487,400.0,0.0508,71.3,0.034118300000000004,123.865
488,1250.0,0.0508,31.7,0.00580776,130.156
489,2000.0,0.1524,55.5,0.0208438,119.505
490,3150.0,0.1524,71.3,0.004011990000000001,123.311
491,4000.0,0.1016,55.5,0.0022109999999999994,127.229
492,5000.0,0.1016,39.6,0.0014633200000000006,126.021
493,3150.0,0.2286,31.7,0.0132672,113.229
494,4000.0,0.1524,39.6,0.002948039999999999,121.889
495,2000.0,0.1016,71.3,0.033779199999999995,122.21799999999999
496,6300.0,0.1524,71.3,0.019300099999999997,112.039
497,3150.0,0.3048,71.3,0.00497773,121.775
498,2500.0,0.1016,39.6,0.0024513799999999995,130.791
499,4000.0,0.0508,31.7,0.00580776,118.10600000000001
500,5000.0,0.2286,71.3,0.00214345,124.304
501,4000.0,0.0508,39.6,0.015047799999999998,115.52
502,5000.0,0.0508,31.7,0.028985300000000002,112.355
503,12500.0,0.0508,55.5,0.0007619299999999992,125.376
504,8000.0,0.1524,39.6,0.00909175,111.588
505,250.0,0.2286,55.5,0.011170600000000001,136.384
506,800.0,0.02540000000000002,71.3,0.016104,124.27600000000001
507,999.9999999999998,0.0508,31.7,0.00580776,129.516
508,1250.0,0.0508,39.6,0.015047799999999998,130.05
509,999.9999999999998,0.02540000000000002,71.3,0.004206539999999999,129.556
510,500.0,0.1016,71.3,0.0437259,130.638
511,1250.0,0.3048,39.6,0.003101380000000001,125.499
512,999.9999999999998,0.2286,71.3,0.0051942,134.0
513,999.9999999999998,0.3048,31.7,0.0033126600000000003,127.365
514,2500.0,0.02540000000000002,31.7,0.017663099999999998,124.166
515,2500.0,0.1016,71.3,0.0020282200000000007,133.894
516,400.0,0.1524,39.6,0.058411300000000006,115.91
517,250.0,0.1016,31.7,0.0418756,125.85700000000001
518,5000.0,0.1524,31.7,0.00525474,115.691
519,10000.0,0.2286,71.3,0.00293031,113.086
520,5000.0,0.02540000000000002,71.3,0.004206539999999999,131.186
521,315.0,0.0508,71.3,0.014072,128.381
522,10000.0,0.1016,55.5,0.0013198299999999993,121.93
523,6300.0,0.1524,39.6,0.002948039999999999,119.209
524,2000.0,0.1524,71.3,0.019300099999999997,120.779
525,6300.0,0.3048,39.6,0.0039210700000000005,114.751
526,800.0,0.1016,39.6,0.04082680000000001,122.315
527,8000.0,0.2286,71.3,0.00214345,118.024
528,2000.0,0.1524,39.6,0.00909175,120.228
529,2000.0,0.0508,71.3,0.0007404779999999993,131.06
530,1250.0,0.02540000000000002,71.3,0.016104,126.35600000000001
531,2000.0,0.2286,71.3,0.00214345,128.244
532,2500.0,0.02540000000000002,39.6,0.00042846399999999993,131.836
533,1250.0,0.2286,55.5,0.004286199999999999,131.264
534,3150.0,0.3048,31.7,0.00529514,118.10799999999999
535,1250.0,0.02540000000000002,71.3,0.0214178,140.987
536,999.9999999999998,0.1524,31.7,0.025278500000000002,122.149
537,2500.0,0.1016,39.6,0.04082680000000001,113.315
538,999.9999999999998,0.1016,55.5,0.0052139,137.233
539,630.0,0.2286,31.7,0.0132672,126.189
540,500.0,0.3048,39.6,0.003101380000000001,126.959
541,630.0,0.3048,71.3,0.00497773,131.615
542,1250.0,0.1016,55.5,0.0022109999999999994,132.769
543,2500.0,0.1524,39.6,0.0019328699999999997,126.863
544,315.0,0.1524,39.6,0.058411300000000006,116.02
545,5000.0,0.2286,55.5,0.0022933599999999995,122.41
546,315.0,0.2286,39.6,0.0123481,132.149
547,2000.0,0.1524,31.7,0.00209405,128.907
548,315.0,0.1524,39.6,0.00485029,125.34700000000001
549,6300.0,0.2286,39.6,0.00473801,114.249
550,2500.0,0.0508,71.3,0.034118300000000004,118.385
551,200.0,0.02540000000000002,55.5,0.016570599999999998,109.95100000000001
552,6300.0,0.2286,31.7,0.0027238,116.815
553,10000.0,0.0508,71.3,0.0014278799999999994,121.238
554,315.0,0.1524,71.3,0.00752039,128.713
555,5000.0,0.2286,55.5,0.003135249999999999,120.47200000000001
556,5000.0,0.2286,39.6,0.00346574,118.82700000000001
557,4000.0,0.0508,55.5,0.0271925,120.92
558,3150.0,0.02540000000000002,55.5,0.004328399999999999,133.252
559,999.9999999999998,0.0508,55.5,0.0007619299999999992,125.586
560,2000.0,0.1016,71.3,0.0012107200000000002,132.095
561,500.0,0.1016,55.5,0.0052139,129.343
562,6300.0,0.1524,71.3,0.0483159,107.28399999999999
563,6300.0,0.2286,39.6,0.00614329,112.541
564,5000.0,0.1524,39.6,0.00909175,113.288
565,630.0,0.1524,71.3,0.004011990000000001,128.971
566,315.0,0.0508,31.7,0.028985300000000002,122.845
567,16000.0,0.3048,71.3,0.00266337,108.721
568,630.0,0.02540000000000002,39.6,0.022902799999999997,137.026
569,999.9999999999998,0.1524,71.3,0.004011990000000001,133.201
570,2000.0,0.02540000000000002,71.3,0.0214178,127.197
571,630.0,0.0508,39.6,0.00566229,126.045
572,1250.0,0.0508,39.6,0.036483999999999996,118.634
573,2000.0,0.1016,31.7,0.0015009199999999993,133.153
574,3150.0,0.0508,55.5,0.0271925,123.46
575,2500.0,0.1016,39.6,0.0014633200000000006,132.611
576,400.0,0.0508,39.6,0.0282593,125.353
577,1600.0,0.2286,55.5,0.0022933599999999995,126.79
578,200.0,0.1524,39.6,0.0233328,127.315
579,999.9999999999998,0.3048,39.6,0.0039210700000000005,127.581
580,2000.0,0.3048,71.3,0.00425727,125.524
581,1250.0,0.2286,31.7,0.00509068,128.119
582,1250.0,0.1524,39.6,0.00485029,127.117
583,500.0,0.2286,39.6,0.00346574,125.15700000000001
584,2000.0,0.0508,39.6,0.036483999999999996,117.72399999999999
585,2500.0,0.3048,71.3,0.00336729,124.512
586,1250.0,0.02540000000000002,31.7,0.0004394719999999998,127.947
587,400.0,0.1016,71.3,0.0437259,134.058
588,6300.0,0.02540000000000002,31.7,0.0009307889999999996,132.898
589,5000.0,0.02540000000000002,39.6,0.0172206,119.854
590,500.0,0.02540000000000002,39.6,0.0172206,117.514
591,999.9999999999998,0.1016,31.7,0.00592927,131.636
592,2000.0,0.1016,39.6,0.0014633200000000006,133.251
593,6300.0,0.1016,71.3,0.0020282200000000007,124.904
594,999.9999999999998,0.3048,39.6,0.00579636,128.72299999999998
595,1250.0,0.02540000000000002,39.6,0.00449821,130.964
596,10000.0,0.0508,39.6,0.0015268899999999995,116.96700000000001
597,315.0,0.02540000000000002,71.3,0.012180799999999999,122.93799999999999
598,1250.0,0.2286,31.7,0.0132672,120.509
599,2000.0,0.1524,71.3,0.001598800000000001,128.64700000000002
600,5000.0,0.3048,55.5,0.0028308099999999996,119.60600000000001
601,800.0,0.1524,55.5,0.00433288,133.097
602,315.0,0.2286,39.6,0.00473801,122.229
603,2500.0,0.3048,71.3,0.00497773,123.775
604,4000.0,0.1016,39.6,0.012459600000000001,116.22
605,500.0,0.02540000000000002,39.6,0.00449821,123.89399999999999
606,315.0,0.02540000000000002,71.3,0.016104,115.846
607,3150.0,0.2286,71.3,0.010440399999999999,120.458
608,630.0,0.1016,39.6,0.0528487,118.084
609,6300.0,0.1524,31.7,0.025278500000000002,108.689
610,200.0,0.0508,71.3,0.014072,125.941
611,3150.0,0.02540000000000002,31.7,0.0004394719999999998,135.227
612,6300.0,0.2286,55.5,0.003135249999999999,118.712
613,400.0,0.0508,55.5,0.0271925,126.5
614,12500.0,0.3048,71.3,0.00497773,107.405
615,315.0,0.1016,71.3,0.0103088,136.583
616,12500.0,0.0508,39.6,0.0007918219999999993,123.988
617,5000.0,0.1524,39.6,0.058411300000000006,104.13
618,1600.0,0.2286,39.6,0.00473801,125.319
619,2000.0,0.0508,39.6,0.015047799999999998,124.42
620,3150.0,0.3048,71.3,0.00266337,125.20100000000001
621,400.0,0.0508,31.7,0.00580776,120.07600000000001
622,6300.0,0.1524,39.6,0.00909175,112.68799999999999
623,400.0,0.2286,39.6,0.00614329,131.221
624,5000.0,0.3048,71.3,0.00266337,121.301
625,250.0,0.2286,31.7,0.00509068,120.189
626,5000.0,0.2286,71.3,0.00293031,122.816
627,1250.0,0.2286,55.5,0.003135249999999999,128.762
628,8000.0,0.1016,39.6,0.0014633200000000006,122.34100000000001
629,630.0,0.3048,31.7,0.0033126600000000003,129.095
630,4000.0,0.2286,55.5,0.011170600000000001,117.28399999999999
631,315.0,0.0508,39.6,0.015047799999999998,128.99
632,315.0,0.02540000000000002,39.6,0.00449821,119.294
633,1600.0,0.0508,71.3,0.034118300000000004,120.575
634,6300.0,0.1016,39.6,0.0528487,104.204
635,2000.0,0.1016,71.3,0.0437259,119.88799999999999
636,999.9999999999998,0.0508,71.3,0.00529514,129.946
637,630.0,0.1016,55.5,0.0013198299999999993,126.17
638,315.0,0.1016,31.7,0.0418756,124.71700000000001
639,10000.0,0.1524,71.3,0.00752039,110.31299999999999
640,5000.0,0.02540000000000002,71.3,0.00040068199999999943,136.83700000000002
641,999.9999999999998,0.1016,55.5,0.0022109999999999994,131.129
642,12500.0,0.0508,71.3,0.0014278799999999994,117.32799999999999
643,1250.0,0.0508,31.7,0.028985300000000002,123.255
644,10000.0,0.02540000000000002,55.5,0.0008732180000000003,126.944
645,999.9999999999998,0.3048,31.7,0.00529514,126.838
646,4000.0,0.1524,71.3,0.0024385099999999996,126.53399999999999
647,12500.0,0.1016,55.5,0.0013198299999999993,119.91
648,3150.0,0.0508,31.7,0.00580776,122.086
649,400.0,0.0508,39.6,0.015047799999999998,130.67
650,500.0,0.02540000000000002,71.3,0.016104,119.806
651,3150.0,0.0508,39.6,0.036483999999999996,113.00399999999999
652,200.0,0.1016,71.3,0.033779199999999995,130.588
653,999.9999999999998,0.3048,39.6,0.00495741,128.312
654,2000.0,0.3048,71.3,0.00497773,124.395
655,6300.0,0.0508,71.3,0.0014278799999999994,129.308
656,6300.0,0.1524,31.7,0.00209405,119.73700000000001
657,800.0,0.2286,39.6,0.00253511,130.205
658,500.0,0.02540000000000002,55.5,0.004328399999999999,123.08200000000001
659,400.0,0.1524,55.5,0.00433288,126.807
660,400.0,0.3048,39.6,0.00579636,128.63299999999998
661,1250.0,0.0508,39.6,0.0007918219999999993,129.148
662,250.0,0.02540000000000002,55.5,0.016570599999999998,110.491
663,10000.0,0.1524,71.3,0.001598800000000001,120.24700000000001
664,4000.0,0.3048,71.3,0.00336729,121.762
665,1250.0,0.1016,55.5,0.0368233,124.214
666,5000.0,0.0508,55.5,0.00544854,115.81200000000001
667,4000.0,0.1524,31.7,0.00525474,116.181
668,630.0,0.2286,31.7,0.0027238,129.465
669,500.0,0.1524,31.7,0.00209405,121.617
670,2500.0,0.1016,71.3,0.0103088,123.62299999999999
671,6300.0,0.1016,39.6,0.0024513799999999995,120.851
672,1250.0,0.2286,55.5,0.0022933599999999995,127.91
673,5000.0,0.02540000000000002,31.7,0.0046137700000000005,124.426
674,4000.0,0.1016,71.3,0.0437259,113.29799999999999
675,8000.0,0.2286,55.5,0.004286199999999999,112.524
676,2500.0,0.3048,71.3,0.00266337,125.571
677,1250.0,0.0508,71.3,0.0007404779999999993,128.56
678,6300.0,0.2286,39.6,0.00253511,117.465
679,630.0,0.3048,55.5,0.00452492,129.569
680,12500.0,0.02540000000000002,71.3,0.00040068199999999943,133.207
681,1600.0,0.1016,31.7,0.0025143500000000003,133.40200000000002
682,2000.0,0.3048,31.7,0.0033126600000000003,122.375
683,2500.0,0.1016,55.5,0.0022109999999999994,132.889
684,200.0,0.1524,39.6,0.058411300000000006,114.75
685,3150.0,0.1016,55.5,0.0013198299999999993,131.78
686,5000.0,0.1016,39.6,0.0528487,106.22399999999999
687,250.0,0.1016,71.3,0.0103088,134.533
688,6300.0,0.1016,71.3,0.033779199999999995,113.958
689,630.0,0.02540000000000002,71.3,0.0214178,120.65700000000001
690,10000.0,0.1524,39.6,0.002948039999999999,112.589
691,250.0,0.02540000000000002,31.7,0.017663099999999998,116.956
692,500.0,0.02540000000000002,71.3,0.0214178,117.96700000000001
693,400.0,0.3048,71.3,0.00497773,129.575
694,400.0,0.2286,31.7,0.0027238,123.635
695,2000.0,0.0508,39.6,0.0007918219999999993,132.918
696,400.0,0.3048,31.7,0.00529514,125.398
697,800.0,0.1524,71.3,0.001598800000000001,125.81700000000001
698,3150.0,0.1524,31.7,0.025278500000000002,112.209
699,800.0,0.2286,71.3,0.00400603,130.688
700,10000.0,0.3048,71.3,0.00497773,110.905
701,2500.0,0.2286,31.7,0.003723709999999999,121.40700000000001
702,4000.0,0.0508,55.5,0.00544854,122.61200000000001
703,400.0,0.1016,31.7,0.0418756,123.20700000000001
704,999.9999999999998,0.1524,71.3,0.0483159,122.044
705,8000.0,0.1016,71.3,0.0012107200000000002,125.465
706,500.0,0.02540000000000002,31.7,0.017663099999999998,127.676
707,2000.0,0.0508,55.5,0.0007619299999999992,131.45600000000002
708,500.0,0.0508,71.3,0.034118300000000004,126.995
709,500.0,0.1524,39.6,0.058411300000000006,114.9
710,2000.0,0.1524,39.6,0.0233328,117.925
711,2500.0,0.02540000000000002,55.5,0.0004122899999999992,130.07299999999998
712,500.0,0.2286,55.5,0.004286199999999999,127.314
713,999.9999999999998,0.02540000000000002,39.6,0.0009074749999999996,122.956
714,400.0,0.0508,71.3,0.0264269,126.805
715,6300.0,0.2286,39.6,0.00346574,116.417
716,400.0,0.2286,55.5,0.011170600000000001,135.924
717,1600.0,0.1016,71.3,0.0020282200000000007,133.664
718,630.0,0.3048,39.6,0.0039210700000000005,128.311
719,2500.0,0.1524,39.6,0.002948039999999999,125.589
720,250.0,0.02540000000000002,71.3,0.012180799999999999,119.698
721,4000.0,0.2286,39.6,0.00253511,123.465
722,3150.0,0.02540000000000002,71.3,0.0214178,124.12700000000001
723,8000.0,0.1524,55.5,0.0017266799999999995,121.90299999999999
724,20000.0,0.2286,71.3,0.00400603,109.63799999999999
725,800.0,0.1016,71.3,0.033779199999999995,127.318
726,630.0,0.3048,71.3,0.00425727,129.35399999999998
727,2500.0,0.1524,55.5,0.0017266799999999995,127.76299999999999
728,2500.0,0.0508,31.7,0.00580776,125.57600000000001
729,500.0,0.1016,39.6,0.0528487,115.304
730,6300.0,0.0508,31.7,0.0008121640000000006,130.34
731,5000.0,0.02540000000000002,55.5,0.0004122899999999992,135.803
732,250.0,0.02540000000000002,71.3,0.016104,113.796
733,1250.0,0.0508,31.7,0.0008121640000000006,129.27
734,400.0,0.2286,71.3,0.010440399999999999,139.438
735,315.0,0.3048,31.7,0.0033126600000000003,122.765
736,1600.0,0.0508,39.6,0.00566229,130.965
737,630.0,0.02540000000000002,55.5,0.004328399999999999,125.45200000000001
738,2000.0,0.2286,71.3,0.00400603,126.21799999999999
739,5000.0,0.3048,71.3,0.00425727,118.134
740,5000.0,0.0508,39.6,0.0015268899999999995,129.77700000000002
741,800.0,0.0508,71.3,0.0007404779999999993,130.96
742,8000.0,0.02540000000000002,71.3,0.00040068199999999943,129.86700000000002
743,1600.0,0.02540000000000002,55.5,0.004328399999999999,133.062
744,800.0,0.0508,55.5,0.0271925,130.43
745,250.0,0.0508,31.7,0.028985300000000002,121.225
746,8000.0,0.02540000000000002,31.7,0.0009307889999999996,127.008
747,630.0,0.1524,71.3,0.0483159,123.304
748,800.0,0.1016,39.6,0.012459600000000001,130.94
749,6300.0,0.3048,71.3,0.00336729,118.12200000000001
750,630.0,0.3048,39.6,0.00495741,129.292
751,1600.0,0.0508,71.3,0.0014278799999999994,124.318
752,999.9999999999998,0.1016,39.6,0.012459600000000001,129.58
753,1250.0,0.02540000000000002,71.3,0.012180799999999999,133.048
754,1600.0,0.1016,31.7,0.0418756,114.477
755,800.0,0.0508,39.6,0.0282593,128.423
756,3150.0,0.3048,55.5,0.0028308099999999996,123.236
757,630.0,0.2286,71.3,0.00293031,127.35600000000001
758,4000.0,0.1524,55.5,0.0017266799999999995,127.23299999999999
759,5000.0,0.1016,55.5,0.0013198299999999993,128.36
760,2500.0,0.2286,71.3,0.010440399999999999,122.088
761,999.9999999999998,0.1016,31.7,0.0015009199999999993,131.313
762,3150.0,0.1524,71.3,0.019300099999999997,116.84899999999999
763,630.0,0.3048,39.6,0.003101380000000001,128.629
764,5000.0,0.02540000000000002,71.3,0.016104,123.126
765,2500.0,0.0508,55.5,0.0271925,125.63
766,3150.0,0.1524,71.3,0.0024385099999999996,127.054
767,3150.0,0.1016,55.5,0.0022109999999999994,130.629
768,5000.0,0.2286,71.3,0.0051942,118.05
769,2500.0,0.2286,55.5,0.0022933599999999995,126.54
770,1250.0,0.0508,71.3,0.034118300000000004,121.485
771,500.0,0.1016,39.6,0.04082680000000001,122.205
772,1250.0,0.1524,39.6,0.0019328699999999997,131.023
773,2500.0,0.0508,39.6,0.036483999999999996,116.184
774,1250.0,0.1524,55.5,0.0208438,121.635
775,2000.0,0.02540000000000002,55.5,0.0008732180000000003,125.054
776,999.9999999999998,0.02540000000000002,71.3,0.0214178,134.247
777,800.0,0.02540000000000002,39.6,0.00449821,129.014
778,250.0,0.3048,39.6,0.00579636,123.54299999999999
779,10000.0,0.0508,55.5,0.0007619299999999992,127.63600000000001
780,2500.0,0.3048,55.5,0.0028308099999999996,124.10600000000001
781,6300.0,0.0508,39.6,0.0015268899999999995,125.71700000000001
782,1250.0,0.02540000000000002,31.7,0.017663099999999998,128.306
783,4000.0,0.2286,71.3,0.00400603,121.728
784,3150.0,0.02540000000000002,39.6,0.00449821,129.934
785,10000.0,0.02540000000000002,39.6,0.0009074749999999996,126.066
786,5000.0,0.3048,39.6,0.00495741,115.792
787,800.0,0.1016,31.7,0.0015009199999999993,129.053
788,1600.0,0.2286,31.7,0.0027238,125.625
789,3150.0,0.1524,55.5,0.0208438,115.085
790,3150.0,0.2286,31.7,0.003723709999999999,121.527
791,5000.0,0.1524,55.5,0.0208438,112.065
792,800.0,0.2286,39.6,0.00473801,130.469
793,4000.0,0.0508,39.6,0.0282593,118.113
794,2000.0,0.2286,31.7,0.00509068,122.089
795,3150.0,0.0508,71.3,0.0014278799999999994,133.72799999999998
796,5000.0,0.1016,71.3,0.0012107200000000002,130.795
797,630.0,0.1524,55.5,0.00433288,131.80700000000002
798,630.0,0.02540000000000002,71.3,0.012180799999999999,128.878
799,3150.0,0.1524,71.3,0.0483159,113.334
800,2500.0,0.0508,71.3,0.014072,130.541
801,4000.0,0.2286,55.5,0.0022933599999999995,123.41
802,630.0,0.1016,55.5,0.0368233,124.244
803,800.0,0.1524,31.7,0.00525474,131.491
804,315.0,0.1524,55.5,0.0208438,132.355
805,2000.0,0.02540000000000002,39.6,0.013025299999999998,129.567
806,10000.0,0.02540000000000002,71.3,0.012180799999999999,114.41799999999999
807,250.0,0.3048,71.3,0.00497773,126.395
808,6300.0,0.1524,31.7,0.00525474,115.59100000000001
809,2500.0,0.02540000000000002,39.6,0.0172206,124.154
810,20000.0,0.02540000000000002,55.5,0.0008732180000000003,121.28399999999999
811,6300.0,0.02540000000000002,71.3,0.0214178,123.12700000000001
812,8000.0,0.1524,31.7,0.00209405,117.95700000000001
813,16000.0,0.2286,71.3,0.00214345,114.984
814,630.0,0.1524,71.3,0.00752039,134.85299999999998
815,999.9999999999998,0.3048,71.3,0.00497773,131.015
816,800.0,0.0508,71.3,0.00529514,127.556
817,1250.0,0.1016,55.5,0.0052139,136.88299999999998
818,4000.0,0.0508,71.3,0.00529514,126.926
819,1250.0,0.1524,71.3,0.019300099999999997,122.679
820,400.0,0.2286,55.5,0.003135249999999999,122.292
821,400.0,0.1524,71.3,0.019300099999999997,135.079
822,5000.0,0.0508,71.3,0.0264269,119.135
823,20000.0,0.2286,71.3,0.00214345,114.47399999999999
824,250.0,0.1016,39.6,0.0528487,124.64399999999999
825,500.0,0.0508,39.6,0.00566229,122.905
826,12500.0,0.02540000000000002,55.5,0.0004122899999999992,131.453
827,800.0,0.1016,55.5,0.0368233,125.11399999999999
828,999.9999999999998,0.3048,71.3,0.00266337,125.20100000000001
829,999.9999999999998,0.1524,39.6,0.0019328699999999997,130.033
830,2000.0,0.0508,31.7,0.00580776,127.686
831,999.9999999999998,0.02540000000000002,39.6,0.022902799999999997,128.416
832,250.0,0.2286,71.3,0.010440399999999999,139.918
833,400.0,0.1524,71.3,0.004011990000000001,124.12100000000001
834,4000.0,0.3048,55.5,0.00452492,118.689
835,2000.0,0.2286,55.5,0.003135249999999999,124.61200000000001
836,2500.0,0.2286,31.7,0.0027238,123.445
837,630.0,0.0508,39.6,0.015047799999999998,133.13
838,2500.0,0.02540000000000002,39.6,0.022902799999999997,121.306
839,999.9999999999998,0.0508,55.5,0.00544854,130.722
840,2000.0,0.0508,39.6,0.00566229,129.965
841,10000.0,0.3048,55.5,0.00452492,112.169
842,999.9999999999998,0.02540000000000002,31.7,0.0046137700000000005,131.346
843,1250.0,0.1524,71.3,0.0483159,120.154
844,2000.0,0.1016,31.7,0.00592927,120.446
845,200.0,0.02540000000000002,71.3,0.016104,112.506
846,3150.0,0.3048,71.3,0.00425727,121.514
847,4000.0,0.02540000000000002,31.7,0.0046137700000000005,126.736
848,800.0,0.0508,39.6,0.00566229,128.435
849,2500.0,0.1524,39.6,0.00485029,120.49700000000001
850,800.0,0.1524,71.3,0.0024385099999999996,127.39399999999999
851,8000.0,0.02540000000000002,55.5,0.0008732180000000003,132.184
852,4000.0,0.02540000000000002,71.3,0.0214178,123.917
853,1250.0,0.02540000000000002,39.6,0.013025299999999998,130.77700000000002
854,1250.0,0.1016,55.5,0.0013198299999999993,131.43
855,1250.0,0.1524,39.6,0.0233328,120.555
856,1600.0,0.1016,71.3,0.00478288,136.678
857,1600.0,0.1524,71.3,0.00752039,130.893
858,5000.0,0.02540000000000002,55.5,0.016570599999999998,118.941
859,1600.0,0.1016,71.3,0.0437259,121.52799999999999
860,5000.0,0.1524,55.5,0.00433288,118.757
861,999.9999999999998,0.2286,31.7,0.0132672,119.09899999999999
862,1600.0,0.2286,71.3,0.010440399999999999,125.728
863,3150.0,0.0508,55.5,0.00544854,128.40200000000002
864,3150.0,0.0508,71.3,0.00529514,131.966
865,6300.0,0.3048,31.7,0.00529514,109.71799999999999
866,1600.0,0.1524,39.6,0.058411300000000006,110.78
867,315.0,0.3048,39.6,0.00495741,123.31200000000001
868,800.0,0.3048,71.3,0.00497773,131.755
869,16000.0,0.3048,71.3,0.00336729,106.58200000000001
870,8000.0,0.3048,39.6,0.003101380000000001,114.779
871,315.0,0.02540000000000002,31.7,0.0046137700000000005,122.766
872,5000.0,0.1016,31.7,0.0015009199999999993,124.39299999999999
873,2500.0,0.1016,39.6,0.012459600000000001,119.19
874,2000.0,0.02540000000000002,31.7,0.0046137700000000005,130.496
875,2000.0,0.1016,55.5,0.0013198299999999993,132.54
876,630.0,0.1524,31.7,0.025278500000000002,126.04899999999999
877,4000.0,0.1016,31.7,0.0025143500000000003,124.852
878,1250.0,0.0508,71.3,0.014072,136.191
879,200.0,0.2286,71.3,0.010440399999999999,138.75799999999998
880,1600.0,0.3048,39.6,0.00495741,122.78200000000001
881,10000.0,0.1524,39.6,0.00909175,110.868
882,999.9999999999998,0.1016,55.5,0.0368233,125.484
883,5000.0,0.1016,55.5,0.0368233,112.014
884,1250.0,0.02540000000000002,39.6,0.022902799999999997,126.446
885,6300.0,0.0508,55.5,0.0271925,112.93
886,630.0,0.1016,71.3,0.0437259,122.288
887,1600.0,0.1524,71.3,0.0483159,120.53399999999999
888,3150.0,0.0508,39.6,0.0015268899999999995,133.58700000000002
889,3150.0,0.2286,31.7,0.00509068,120.229
890,1600.0,0.02540000000000002,31.7,0.0009307889999999996,128.718
891,6300.0,0.2286,71.3,0.0051942,116.92
892,5000.0,0.0508,71.3,0.0014278799999999994,132.828
893,500.0,0.3048,55.5,0.00452492,128.179
894,3150.0,0.3048,39.6,0.0039210700000000005,119.111
895,12500.0,0.0508,31.7,0.0008121640000000006,119.07
896,400.0,0.1524,39.6,0.00485029,127.637
897,800.0,0.1524,31.7,0.025278500000000002,125.539
898,400.0,0.1524,31.7,0.025278500000000002,128.939
899,6300.0,0.0508,39.6,0.0282593,109.663
900,3150.0,0.2286,55.5,0.011170600000000001,117.134
901,500.0,0.1524,71.3,0.00752039,132.043
902,3150.0,0.02540000000000002,71.3,0.012180799999999999,133.75799999999998
903,630.0,0.2286,71.3,0.00400603,129.03799999999998
904,3150.0,0.1524,55.5,0.0017266799999999995,127.75299999999999
905,1250.0,0.1016,39.6,0.0528487,118.214
906,4000.0,0.2286,31.7,0.00509068,118.859
907,6300.0,0.0508,55.5,0.0007619299999999992,132.796
908,200.0,0.02540000000000002,39.6,0.0172206,114.044
909,6300.0,0.02540000000000002,39.6,0.0009074749999999996,134.336
910,16000.0,0.1524,71.3,0.0024385099999999996,110.36399999999999
911,2500.0,0.0508,39.6,0.0282593,122.413
912,2500.0,0.02540000000000002,39.6,0.0009074749999999996,131.236
913,1250.0,0.0508,55.5,0.0271925,130.0
914,6300.0,0.1524,71.3,0.00752039,116.603
915,999.9999999999998,0.1016,31.7,0.0418756,119.777
916,3150.0,0.2286,39.6,0.0123481,114.309
917,4000.0,0.3048,39.6,0.00579636,115.863
918,3150.0,0.1524,39.6,0.0233328,113.525
919,6300.0,0.2286,55.5,0.0022933599999999995,118.41
920,3150.0,0.1016,39.6,0.0528487,109.25399999999999
921,2500.0,0.2286,39.6,0.00346574,121.397
922,6300.0,0.1016,71.3,0.0012107200000000002,129.395
923,10000.0,0.1016,39.6,0.0024513799999999995,115.321
924,6300.0,0.1524,39.6,0.0233328,109.885
925,999.9999999999998,0.1524,31.7,0.00525474,128.241
926,500.0,0.1016,31.7,0.0418756,118.667
927,800.0,0.1524,71.3,0.019300099999999997,128.879
928,999.9999999999998,0.1016,71.3,0.033779199999999995,127.928
929,12500.0,0.02540000000000002,31.7,0.0004394719999999998,128.977
930,999.9999999999998,0.1016,71.3,0.0012107200000000002,128.825
931,4000.0,0.2286,39.6,0.00473801,119.15899999999999
932,4000.0,0.3048,31.7,0.00529514,115.60799999999999
933,1600.0,0.0508,39.6,0.015047799999999998,126.54
934,500.0,0.0508,55.5,0.0271925,127.22
935,630.0,0.02540000000000002,39.6,0.00449821,126.514
936,2000.0,0.02540000000000002,71.3,0.012180799999999999,134.22799999999998
937,1600.0,0.02540000000000002,31.7,0.0046137700000000005,131.036
938,999.9999999999998,0.1016,71.3,0.0103088,135.433
939,12500.0,0.02540000000000002,39.6,0.00042846399999999993,129.116
940,4000.0,0.2286,71.3,0.00214345,125.824
941,1600.0,0.1016,71.3,0.033779199999999995,124.74799999999999
942,630.0,0.0508,71.3,0.014072,133.611
943,250.0,0.1524,39.6,0.0233328,128.335
944,800.0,0.3048,71.3,0.00336729,127.12200000000001
945,3150.0,0.0508,39.6,0.0007918219999999993,135.938
946,2000.0,0.2286,71.3,0.010440399999999999,122.708
947,6300.0,0.1016,39.6,0.012459600000000001,113.11
948,630.0,0.1524,71.3,0.0024385099999999996,127.404
949,6300.0,0.0508,71.3,0.0007404779999999993,133.04
950,250.0,0.0508,39.6,0.036483999999999996,127.22399999999999
951,2500.0,0.1016,71.3,0.0437259,118.99799999999999
952,2500.0,0.1016,55.5,0.0052139,124.273
953,999.9999999999998,0.02540000000000002,71.3,0.012180799999999999,131.69799999999998
954,2500.0,0.1016,55.5,0.0013198299999999993,133.04
955,630.0,0.0508,39.6,0.0282593,127.443
956,630.0,0.1016,39.6,0.04082680000000001,121.315
957,1250.0,0.02540000000000002,55.5,0.004328399999999999,132.202
958,400.0,0.2286,39.6,0.00346574,122.147
959,1250.0,0.02540000000000002,39.6,0.0172206,131.364
960,1600.0,0.3048,55.5,0.00452492,124.439
961,20000.0,0.02540000000000002,71.3,0.0008486329999999997,119.708
962,400.0,0.3048,55.5,0.00452492,126.15899999999999
963,630.0,0.1016,71.3,0.00478288,131.44799999999998
964,200.0,0.2286,55.5,0.011170600000000001,135.234
965,12500.0,0.0508,71.3,0.0007404779999999993,125.22
966,5000.0,0.1016,39.6,0.012459600000000001,113.08
967,6300.0,0.2286,31.7,0.0132672,110.689
968,630.0,0.2286,39.6,0.00614329,132.011
969,800.0,0.0508,39.6,0.0007918219999999993,126.508
970,8000.0,0.3048,71.3,0.00425727,114.634
971,315.0,0.1524,31.7,0.025278500000000002,128.809
972,10000.0,0.2286,71.3,0.00400603,113.10799999999999
973,400.0,0.1016,39.6,0.04082680000000001,128.265
974,1600.0,0.0508,55.5,0.0007619299999999992,128.576
975,1250.0,0.3048,55.5,0.0028308099999999996,126.086
976,800.0,0.2286,71.3,0.00293031,128.216
977,1250.0,0.1524,55.5,0.00433288,130.77700000000002
978,8000.0,0.3048,71.3,0.00497773,113.665
979,500.0,0.1016,39.6,0.012459600000000001,133.79
980,3150.0,0.1016,31.7,0.0025143500000000003,128.252
981,800.0,0.02540000000000002,39.6,0.013025299999999998,130.217
982,1250.0,0.0508,55.5,0.00544854,132.252
983,1600.0,0.0508,71.3,0.0007404779999999993,129.68
984,2000.0,0.1016,71.3,0.0020282200000000007,134.034
985,630.0,0.1016,31.7,0.0015009199999999993,126.413
986,315.0,0.1016,55.5,0.0368233,135.674
987,800.0,0.2286,71.3,0.0051942,133.48
988,250.0,0.1016,39.6,0.04082680000000001,129.675
989,5000.0,0.2286,39.6,0.00253511,122.175
990,8000.0,0.02540000000000002,71.3,0.0008486329999999997,131.518
991,2500.0,0.02540000000000002,55.5,0.0008732180000000003,129.144
992,5000.0,0.02540000000000002,55.5,0.004328399999999999,128.412
993,5000.0,0.02540000000000002,39.6,0.013025299999999998,125.10700000000001
994,200.0,0.1016,31.7,0.0418756,124.98700000000001
995,2000.0,0.02540000000000002,55.5,0.0004122899999999992,127.62299999999999
996,200.0,0.1016,39.6,0.04082680000000001,128.545
997,500.0,0.02540000000000002,55.5,0.016570599999999998,119.62100000000001
998,2500.0,0.1524,31.7,0.00209405,125.867
999,2500.0,0.3048,71.3,0.00425727,124.024
1000,2500.0,0.0508,31.7,0.0008121640000000006,134.87
1001,3150.0,0.02540000000000002,55.5,0.016570599999999998,124.101
1002,2500.0,0.0508,39.6,0.015047799999999998,122.17
1003,6300.0,0.02540000000000002,39.6,0.00042846399999999993,136.826
1004,1600.0,0.0508,71.3,0.014072,135.191
1005,1250.0,0.2286,31.7,0.003723709999999999,128.67700000000002
1006,5000.0,0.02540000000000002,39.6,0.022902799999999997,118.816
1007,999.9999999999998,0.2286,31.7,0.003723709999999999,130.30700000000002
1008,250.0,0.0508,55.5,0.0271925,124.17
1009,16000.0,0.2286,71.3,0.00400603,112.76799999999999
1010,1250.0,0.0508,39.6,0.0015268899999999995,128.42700000000002
1011,1600.0,0.0508,55.5,0.0271925,128.2
1012,3150.0,0.1524,39.6,0.002948039999999999,122.919
1013,3150.0,0.02540000000000002,39.6,0.013025299999999998,127.84700000000001
1014,800.0,0.02540000000000002,55.5,0.004328399999999999,128.082
1015,10000.0,0.3048,71.3,0.00266337,115.391
1016,630.0,0.0508,31.7,0.028985300000000002,124.685
1017,250.0,0.0508,39.6,0.015047799999999998,126.43
1018,1600.0,0.3048,31.7,0.0033126600000000003,122.365
1019,6300.0,0.1016,31.7,0.0418756,107.26700000000001
1020,6300.0,0.3048,71.3,0.00425727,116.134
1021,800.0,0.3048,55.5,0.0028308099999999996,128.086
1022,3150.0,0.1016,39.6,0.04082680000000001,113.055
1023,2500.0,0.0508,55.5,0.0007619299999999992,133.95600000000002
1024,4000.0,0.0508,71.3,0.014072,122.471
1025,400.0,0.0508,39.6,0.00566229,120.015
1026,3150.0,0.2286,39.6,0.00473801,120.419
1027,4000.0,0.0508,71.3,0.0007404779999999993,134.43
1028,10000.0,0.1524,55.5,0.0017266799999999995,119.25299999999999
1029,400.0,0.2286,39.6,0.0123481,132.039
1030,630.0,0.1016,39.6,0.012459600000000001,131.92
1031,2500.0,0.0508,39.6,0.0015268899999999995,133.847
1032,1250.0,0.1524,71.3,0.0024385099999999996,130.144
1033,1600.0,0.0508,31.7,0.028985300000000002,121.485
1034,4000.0,0.3048,39.6,0.0039210700000000005,117.741
1035,5000.0,0.1016,71.3,0.0103088,116.723
1036,800.0,0.1016,55.5,0.0052139,135.953
1037,2500.0,0.1524,71.3,0.004011990000000001,127.59100000000001
1038,999.9999999999998,0.1016,39.6,0.0024513799999999995,131.971
1039,1600.0,0.0508,55.5,0.00544854,133.032
1040,5000.0,0.1016,71.3,0.0020282200000000007,127.054
1041,12500.0,0.1524,39.6,0.002948039999999999,108.649
1042,630.0,0.2286,39.6,0.0123481,128.929
1043,6300.0,0.1016,71.3,0.0103088,117.25299999999999
1044,1600.0,0.2286,71.3,0.00214345,129.134
1045,500.0,0.0508,71.3,0.0264269,127.285
1046,315.0,0.2286,31.7,0.003723709999999999,120.147
1047,1250.0,0.1524,55.5,0.0017266799999999995,129.953
1048,999.9999999999998,0.1016,55.5,0.0013198299999999993,129.8
1049,3150.0,0.1524,55.5,0.00433288,121.587
1050,1600.0,0.0508,39.6,0.0282593,124.84299999999999
1051,3150.0,0.1016,71.3,0.0103088,123.26299999999999
