,Angle_of_Attack,Chord_length,Free-stream_velocity,Suction_side_displacement_thickness,Scaled sound pressure level
0,4.2,0.0508,71.3,0.00142788,133.59799999999998
1,3.3,0.1016,71.3,0.00202822,131.434
2,7.3,0.2286,31.7,0.0132672,128.679
3,2.0,0.2286,71.3,0.00293031,127.006
4,4.8,0.0254,71.3,0.000848633,134.928
5,2.7,0.1524,39.6,0.00294804,128.139
6,5.3,0.2286,39.6,0.00614329,132.251
7,15.400000000000002,0.0508,55.5,0.0271925,127.04
8,15.400000000000002,0.0508,71.3,0.0264269,131.515
9,9.5,0.0254,71.3,0.00420654,134.976
10,0.0,0.1524,71.3,0.0015988,129.377
11,17.4,0.0254,31.7,0.017663099999999998,139.226
12,15.400000000000002,0.0508,39.6,0.0282593,120.51299999999999
13,6.7,0.1016,39.6,0.00578076,122.23500000000001
14,7.199999999999999,0.1524,71.3,0.007520390000000001,136.023
15,7.3,0.2286,39.6,0.0123481,110.839
16,5.4,0.1524,31.7,0.00525474,122.771
17,0.0,0.0254,55.5,0.00041229,121.933
18,11.200000000000001,0.0508,39.6,0.0150478,119.66999999999999
19,7.3,0.2286,31.7,0.0132672,123.20899999999999
20,19.7,0.0508,39.6,0.036483999999999996,128.444
21,0.0,0.0254,31.7,0.000439472,125.62700000000001
22,0.0,0.2286,71.3,0.00214345,128.144
23,15.6,0.1016,39.6,0.0528487,122.75399999999999
24,11.200000000000001,0.0508,71.3,0.014072,130.311
25,15.400000000000002,0.0508,71.3,0.0264269,125.71499999999999
26,4.8,0.0254,55.5,0.000873218,124.39399999999999
27,7.3,0.2286,71.3,0.010440399999999999,126.838
28,5.3,0.2286,39.6,0.00614329,115.311
29,4.0,0.3048,39.6,0.00579636,130.173
30,12.3,0.1016,71.3,0.033779199999999995,131.56799999999998
31,15.400000000000002,0.0508,71.3,0.0264269,123.59499999999998
32,15.400000000000002,0.0508,71.3,0.0264269,130.845
33,3.3,0.1016,55.5,0.002211,126.59899999999999
34,0.0,0.1016,71.3,0.00121072,131.725
35,3.3,0.1016,39.6,0.00245138,128.401
36,9.9,0.1524,71.3,0.019300099999999997,135.329
37,2.0,0.2286,55.5,0.00313525,126.75200000000001
38,9.9,0.1524,31.7,0.0252785,117.119
39,5.4,0.1524,55.5,0.00433288,130.567
40,0.0,0.1524,31.7,0.00209405,130.987
41,5.3,0.2286,39.6,0.00614329,115.801
42,4.8,0.0254,39.6,0.0009074749999999999,125.96600000000001
43,0.0,0.0254,55.5,0.00041229,134.563
44,0.0,0.3048,39.6,0.00310138,119.229
45,0.0,0.3048,71.3,0.00266337,125.95100000000001
46,0.0,0.3048,31.7,0.00331266,115.64500000000001
47,9.9,0.1524,71.3,0.019300099999999997,114.569
48,5.3,0.2286,39.6,0.00614329,123.08100000000002
49,12.3,0.1016,55.5,0.0368233,117.054
50,15.400000000000002,0.0508,39.6,0.0282593,122.89299999999999
51,0.0,0.0254,31.7,0.000439472,138.607
52,4.0,0.3048,39.6,0.00579636,118.743
53,4.2,0.0508,39.6,0.00152689,130.197
54,7.199999999999999,0.1524,39.6,0.00909175,132.658
55,0.0,0.2286,39.6,0.00253511,123.565
56,17.4,0.0254,71.3,0.016104,122.60600000000001
57,9.9,0.1524,39.6,0.0233328,126.34499999999998
58,8.4,0.0508,71.3,0.00529514,134.226
59,15.400000000000002,0.0508,71.3,0.0264269,126.195
60,0.0,0.3048,55.5,0.00283081,126.986
61,12.3,0.1016,71.3,0.033779199999999995,116.10799999999999
62,7.3,0.2286,39.6,0.0123481,111.959
63,4.0,0.3048,71.3,0.00497773,128.175
64,4.0,0.2286,71.3,0.00400603,126.758
65,19.7,0.0508,39.6,0.036483999999999996,108.68400000000001
66,4.2,0.0508,71.3,0.00142788,131.97799999999998
67,15.6,0.1016,71.3,0.0437259,116.46799999999999
68,5.3,0.2286,39.6,0.00614329,118.441
69,12.3,0.1016,39.6,0.0408268,121.165
70,0.0,0.0254,71.3,0.00040068199999999997,137.007
71,12.3,0.1016,55.5,0.0368233,133.774
72,0.0,0.1524,55.5,0.00172668,126.713
73,9.9,0.1524,31.7,0.0252785,127.179
74,19.7,0.0508,71.3,0.034118300000000004,124.555
75,7.3,0.2286,55.5,0.011170600000000001,133.174
76,0.0,0.2286,55.5,0.00229336,127.53
77,15.400000000000002,0.0508,71.3,0.0264269,131.865
78,5.4,0.1524,39.6,0.00485029,119.137
79,0.0,0.2286,31.7,0.0027238,130.725
80,4.8,0.0254,55.5,0.000873218,132.35399999999998
81,8.4,0.0508,39.6,0.00566229,131.205
82,6.7,0.1016,39.6,0.00578076,127.375
83,3.0,0.3048,55.5,0.00452492,123.069
84,5.4,0.1524,71.3,0.00401199,126.291
85,0.0,0.0254,39.6,0.00042846400000000004,133.376
86,3.0,0.3048,71.3,0.00425727,127.63399999999999
87,0.0,0.1016,55.5,0.00131983,127.73
88,7.199999999999999,0.1524,71.3,0.007520390000000001,124.35299999999998
89,9.9,0.1524,39.6,0.0233328,112.26499999999999
90,7.3,0.2286,55.5,0.011170600000000001,118.994
91,19.7,0.0508,39.6,0.036483999999999996,120.324
92,8.9,0.1016,39.6,0.012459600000000001,123.82
93,12.7,0.0254,71.3,0.012180799999999999,120.538
94,0.0,0.1016,31.7,0.0015009200000000002,126.93299999999999
95,9.9,0.1524,31.7,0.0252785,118.619
96,4.8,0.0254,31.7,0.0009307889999999999,125.348
97,7.199999999999999,0.1524,39.6,0.00909175,132.358
98,19.7,0.0508,39.6,0.036483999999999996,118.904
99,2.0,0.2286,55.5,0.00313525,122.23200000000001
100,3.0,0.3048,31.7,0.00529514,119.59799999999998
101,6.7,0.1016,39.6,0.00578076,133.355
102,9.9,0.1524,55.5,0.0208438,110.555
103,7.3,0.2286,31.7,0.0132672,114.709
104,3.0,0.3048,31.7,0.00529514,127.548
105,9.9,0.1524,31.7,0.0252785,116.859
106,3.3,0.1016,31.7,0.00251435,130.392
107,4.0,0.2286,55.5,0.0042861999999999996,117.154
108,8.9,0.1016,39.6,0.012459600000000001,119.35
109,4.0,0.3048,39.6,0.00579636,131.07299999999998
110,7.199999999999999,0.1524,39.6,0.00909175,111.818
111,5.4,0.1524,71.3,0.00401199,116.411
112,15.400000000000002,0.0508,39.6,0.0282593,125.963
113,9.5,0.0254,31.7,0.00461377,126.88600000000001
114,7.3,0.2286,55.5,0.011170600000000001,125.72399999999999
115,0.0,0.1524,39.6,0.0019328700000000002,120.553
116,0.0,0.1524,71.3,0.0015988,126.45700000000001
117,11.200000000000001,0.0508,39.6,0.0150478,131.96
118,2.7,0.1524,71.3,0.00243851,113.03399999999999
119,9.9,0.1524,55.5,0.0208438,119.875
120,5.4,0.1524,31.7,0.00525474,118.291
121,0.0,0.2286,71.3,0.00214345,122.044
122,7.199999999999999,0.1524,71.3,0.007520390000000001,132.513
123,2.0,0.2286,71.3,0.00293031,128.816
124,12.600000000000001,0.1524,39.6,0.0584113,112.16
125,4.0,0.3048,39.6,0.00579636,123.213
126,9.9,0.1524,39.6,0.0233328,128.345
127,3.0,0.3048,31.7,0.00529514,123.118
128,15.400000000000002,0.0508,31.7,0.028985300000000002,119.945
129,0.0,0.1524,39.6,0.0019328700000000002,131.013
130,17.4,0.0254,55.5,0.016570599999999998,122.411
131,9.9,0.1524,31.7,0.0252785,111.459
132,0.0,0.2286,39.6,0.00253511,127.095
133,9.5,0.0254,31.7,0.00461377,131.446
134,4.8,0.0254,39.6,0.0009074749999999999,133.436
135,19.7,0.0508,71.3,0.034118300000000004,113.045
136,0.0,0.0508,71.3,0.000740478,134.43
137,5.4,0.1524,39.6,0.00485029,116.67699999999999
138,1.5,0.3048,39.6,0.00392107,112.25099999999999
139,8.4,0.0508,39.6,0.00566229,127.465
140,12.600000000000001,0.1524,71.3,0.0483159,129.744
141,4.8,0.0254,39.6,0.0009074749999999999,135.42600000000002
142,0.0,0.1524,31.7,0.00209405,125.99700000000001
143,0.0,0.3048,55.5,0.00283081,126.96600000000001
144,8.4,0.0508,55.5,0.00544854,126.152
145,12.3,0.1016,39.6,0.0408268,122.43499999999999
146,7.3,0.2286,39.6,0.0123481,130.299
147,5.4,0.1524,55.5,0.00433288,114.927
148,4.8,0.0254,71.3,0.000848633,135.468
149,7.199999999999999,0.1524,71.3,0.007520390000000001,113.333
150,9.9,0.1524,71.3,0.019300099999999997,129.889
151,8.4,0.0508,55.5,0.00544854,131.542
152,7.199999999999999,0.1524,71.3,0.007520390000000001,128.643
153,6.7,0.1016,31.7,0.00592927,126.266
154,12.7,0.0254,71.3,0.012180799999999999,128.97799999999998
155,0.0,0.1524,71.3,0.0015988,117.087
156,12.7,0.0254,39.6,0.013025299999999998,129.02700000000002
157,0.0,0.3048,31.7,0.00331266,124.35499999999999
158,0.0,0.2286,39.6,0.00253511,129.395
159,4.0,0.2286,31.7,0.00509068,126.149
160,9.9,0.1524,55.5,0.0208438,131.605
161,0.0,0.0508,71.3,0.000740478,129.45
162,4.0,0.2286,55.5,0.0042861999999999996,132.134
163,17.4,0.0254,39.6,0.0172206,123.564
164,3.0,0.3048,39.6,0.00495741,120.162
165,0.0,0.0254,71.3,0.00040068199999999997,133.707
166,2.0,0.2286,71.3,0.00293031,115.99600000000001
167,19.7,0.0508,39.6,0.036483999999999996,125.97399999999999
168,2.0,0.2286,71.3,0.00293031,124.086
169,5.4,0.1524,39.6,0.00485029,129.937
170,0.0,0.3048,31.7,0.00331266,119.135
171,15.400000000000002,0.0508,71.3,0.0264269,129.645
172,0.0,0.0254,31.7,0.000439472,132.89700000000002
173,4.0,0.2286,39.6,0.00473801,127.039
174,15.400000000000002,0.0508,39.6,0.0282593,123.443
175,3.3,0.1016,31.7,0.00251435,131.362
176,0.0,0.0508,31.7,0.000812164,134.11
177,7.3,0.2286,31.7,0.0132672,130.239
178,3.0,0.3048,31.7,0.00529514,122.088
179,0.0,0.3048,55.5,0.00283081,113.07600000000001
180,12.600000000000001,0.1524,71.3,0.0483159,128.484
181,12.3,0.1016,55.5,0.0368233,133.29399999999998
182,0.0,0.1016,39.6,0.0014633200000000002,127.801
183,9.5,0.0254,39.6,0.00449821,121.154
184,9.5,0.0254,55.5,0.0043284,134.15200000000002
185,12.3,0.1016,71.3,0.033779199999999995,140.158
186,9.5,0.0254,55.5,0.0043284,130.332
187,17.4,0.0254,71.3,0.016104,126.536
188,1.5,0.3048,71.3,0.00336729,125.87200000000001
189,3.0,0.3048,71.3,0.00425727,110.22399999999999
190,0.0,0.3048,55.5,0.00283081,126.616
191,3.3,0.1016,71.3,0.00202822,128.704
192,17.4,0.0254,55.5,0.016570599999999998,126.471
193,7.3,0.2286,71.3,0.010440399999999999,115.29799999999999
194,6.7,0.1016,39.6,0.00578076,134.515
195,9.9,0.1524,39.6,0.0233328,123.835
196,15.400000000000002,0.0508,71.3,0.0264269,122.675
197,7.3,0.2286,39.6,0.0123481,121.05899999999998
198,9.9,0.1524,71.3,0.019300099999999997,115.079
199,9.5,0.0254,71.3,0.00420654,127.20600000000002
200,0.0,0.3048,39.6,0.00310138,112.139
201,0.0,0.0508,31.7,0.000812164,122.45000000000002
202,0.0,0.3048,39.6,0.00310138,109.619
203,3.3,0.1016,31.7,0.00251435,133.012
204,8.9,0.1016,39.6,0.012459600000000001,135.54
205,0.0,0.1524,71.3,0.0015988,127.307
206,9.9,0.1524,71.3,0.019300099999999997,121.789
207,9.9,0.1524,55.5,0.0208438,112.945
208,17.4,0.0254,39.6,0.0172206,115.444
209,6.7,0.1016,31.7,0.00592927,132.116
210,2.7,0.1524,71.3,0.00243851,130.644
211,5.4,0.1524,39.6,0.00485029,130.507
212,6.7,0.1016,31.7,0.00592927,129.256
213,17.4,0.0254,71.3,0.016104,119.916
214,9.9,0.1524,31.7,0.0252785,114.72900000000001
215,0.0,0.3048,39.6,0.00310138,119.319
216,19.7,0.0508,39.6,0.036483999999999996,129.864
217,0.0,0.0254,55.5,0.00041229,136.16299999999998
218,3.3,0.1016,39.6,0.00245138,133.211
219,9.9,0.1524,39.6,0.0233328,128.595
220,3.3,0.1016,39.6,0.00245138,127.251
221,1.5,0.3048,39.6,0.00392107,128.83100000000002
222,0.0,0.1524,55.5,0.00172668,129.673
223,2.0,0.2286,71.3,0.00293031,126.11599999999999
224,11.200000000000001,0.0508,71.3,0.014072,136.031
225,2.0,0.2286,31.7,0.0037237100000000003,129.05700000000002
226,2.0,0.2286,39.6,0.00346574,120.137
227,17.4,0.0254,71.3,0.016104,125.81600000000002
228,12.3,0.1016,71.3,0.033779199999999995,121.31800000000001
229,0.0,0.1524,71.3,0.0015988,128.127
230,4.2,0.0508,39.6,0.00152689,132.58700000000002
231,9.5,0.0254,31.7,0.00461377,130.746
232,0.0,0.1524,55.5,0.00172668,120.57300000000001
233,12.600000000000001,0.1524,71.3,0.0483159,123.054
234,7.3,0.2286,71.3,0.010440399999999999,133.768
235,4.0,0.2286,55.5,0.0042861999999999996,122.39399999999999
236,9.5,0.0254,31.7,0.00461377,128.536
237,0.0,0.0508,71.3,0.000740478,135.07
238,17.4,0.0254,39.6,0.0172206,127.61399999999999
239,7.3,0.2286,31.7,0.0132672,119.039
240,12.600000000000001,0.1524,39.6,0.0584113,104.5
241,0.0,0.3048,71.3,0.00266337,112.241
242,3.0,0.3048,31.7,0.00529514,113.85799999999999
243,5.4,0.1524,71.3,0.00401199,131.281
244,4.0,0.2286,31.7,0.00509068,128.939
245,0.0,0.1016,39.6,0.0014633200000000002,130.781
246,22.2,0.0254,39.6,0.022902799999999997,122.21600000000001
247,0.0,0.1524,55.5,0.00172668,123.303
248,5.3,0.2286,71.3,0.0051942,114.9
249,4.0,0.2286,31.7,0.00509068,120.209
250,0.0,0.0254,39.6,0.00042846400000000004,135.346
251,0.0,0.0508,71.3,0.000740478,130.89
252,3.3,0.1016,55.5,0.002211,129.119
253,3.0,0.3048,31.7,0.00529514,128.69799999999998
254,0.0,0.1016,39.6,0.0014633200000000002,125.401
255,0.0,0.2286,55.5,0.00229336,125.16
256,0.0,0.3048,71.3,0.00266337,126.20100000000001
257,4.8,0.0254,71.3,0.000848633,127.68799999999999
258,15.400000000000002,0.0508,39.6,0.0282593,126.743
259,4.0,0.2286,71.3,0.00400603,112.848
260,3.3,0.1016,39.6,0.00245138,132.30100000000002
261,0.0,0.3048,39.6,0.00310138,121.399
262,9.9,0.1524,55.5,0.0208438,118.365
263,12.3,0.1016,55.5,0.0368233,132.304
264,2.7,0.1524,39.6,0.00294804,130.829
265,4.0,0.2286,71.3,0.00400603,131.708
266,7.3,0.2286,55.5,0.011170600000000001,111.534
267,5.3,0.2286,39.6,0.00614329,127.01100000000001
268,4.8,0.0254,71.3,0.000848633,130.828
269,5.3,0.2286,39.6,0.00614329,116.15100000000001
270,12.3,0.1016,71.3,0.033779199999999995,120.79799999999999
271,15.400000000000002,0.0508,39.6,0.0282593,121.78299999999999
272,8.9,0.1016,71.3,0.0103088,138.523
273,2.7,0.1524,71.3,0.00243851,116.72399999999999
274,22.2,0.0254,71.3,0.0214178,117.927
275,5.3,0.2286,71.3,0.0051942,130.46
276,0.0,0.1016,31.7,0.0015009200000000002,124.253
277,0.0,0.0508,31.7,0.000812164,135.49
278,8.9,0.1016,71.3,0.0103088,124.23299999999999
279,0.0,0.1524,71.3,0.0015988,128.857
280,12.600000000000001,0.1524,71.3,0.0483159,108.03399999999999
281,7.3,0.2286,55.5,0.011170600000000001,128.444
282,12.7,0.0254,39.6,0.013025299999999998,125.527
283,5.4,0.1524,71.3,0.00401199,134.111
284,11.200000000000001,0.0508,71.3,0.014072,127.141
285,0.0,0.2286,39.6,0.00253511,125.025
286,3.3,0.1016,71.3,0.00202822,132.304
287,1.5,0.3048,39.6,0.00392107,106.111
288,8.9,0.1016,39.6,0.012459600000000001,133.42
289,2.0,0.2286,71.3,0.00293031,126.896
290,0.0,0.1524,71.3,0.0015988,129.667
291,7.3,0.2286,71.3,0.010440399999999999,127.35799999999999
292,4.8,0.0254,39.6,0.0009074749999999999,125.02600000000001
293,2.0,0.2286,39.6,0.00346574,125.837
294,3.0,0.3048,39.6,0.00495741,125.80199999999999
295,2.0,0.2286,31.7,0.0037237100000000003,123.417
296,15.6,0.1016,39.6,0.0528487,106.604
297,4.0,0.2286,71.3,0.00400603,114.258
298,4.0,0.3048,71.3,0.00497773,117.785
299,2.7,0.1524,39.6,0.00294804,130.049
300,12.600000000000001,0.1524,71.3,0.0483159,121.664
301,7.3,0.2286,31.7,0.0132672,115.309
302,5.3,0.2286,71.3,0.0051942,120.33000000000001
303,19.7,0.0508,71.3,0.034118300000000004,121.885
304,12.3,0.1016,31.7,0.0418756,110.44700000000002
305,4.0,0.2286,39.6,0.00473801,117.649
306,0.0,0.1016,31.7,0.0015009200000000002,115.89299999999999
307,0.0,0.0254,55.5,0.00041229,136.10299999999998
308,1.5,0.3048,39.6,0.00392107,116.241
309,12.3,0.1016,71.3,0.033779199999999995,126.648
310,5.4,0.1524,31.7,0.00525474,125.741
311,1.5,0.3048,39.6,0.00392107,122.101
312,3.3,0.1016,71.3,0.00202822,121.234
313,2.7,0.1524,71.3,0.00243851,128.334
314,17.4,0.0254,71.3,0.016104,126.406
315,9.9,0.1524,39.6,0.0233328,116.295
316,12.7,0.0254,39.6,0.013025299999999998,116.01700000000001
317,0.0,0.2286,71.3,0.00214345,128.35399999999998
318,19.7,0.0508,39.6,0.036483999999999996,119.17399999999999
319,0.0,0.1524,55.5,0.00172668,130.183
320,2.7,0.1524,71.3,0.00243851,124.36399999999999
321,9.9,0.1524,71.3,0.019300099999999997,119.639
322,0.0,0.0254,55.5,0.00041229,133.22299999999998
323,6.7,0.1016,71.3,0.00478288,124.458
324,15.6,0.1016,39.6,0.0528487,123.514
325,7.3,0.2286,31.7,0.0132672,128.16899999999998
326,0.0,0.3048,71.3,0.00266337,117.15100000000002
327,17.4,0.0254,55.5,0.016570599999999998,125.26100000000001
328,9.5,0.0254,39.6,0.00449821,131.274
329,5.4,0.1524,71.3,0.00401199,131.111
330,5.4,0.1524,39.6,0.00485029,117.037
331,3.3,0.1016,55.5,0.002211,133.649
332,4.0,0.2286,39.6,0.00473801,123.87899999999999
333,19.7,0.0508,39.6,0.036483999999999996,130.614
334,4.0,0.2286,39.6,0.00473801,129.969
335,2.7,0.1524,39.6,0.00294804,116.65899999999999
336,9.5,0.0254,31.7,0.00461377,119.146
337,17.4,0.0254,31.7,0.017663099999999998,116.14599999999999
338,3.3,0.1016,39.6,0.00245138,118.09100000000001
339,0.0,0.3048,55.5,0.00283081,116.47599999999998
340,0.0,0.3048,55.5,0.00283081,117.976
341,7.199999999999999,0.1524,39.6,0.00909175,114.258
342,6.7,0.1016,71.3,0.00478288,137.658
343,3.0,0.3048,39.6,0.00495741,129.55200000000002
344,17.4,0.0254,31.7,0.017663099999999998,136.886
345,12.3,0.1016,55.5,0.0368233,136.414
346,5.4,0.1524,71.3,0.00401199,120.061
347,11.200000000000001,0.0508,71.3,0.014072,129.281
348,4.8,0.0254,39.6,0.0009074749999999999,118.69599999999998
349,3.0,0.3048,55.5,0.00452492,122.439
350,2.7,0.1524,71.3,0.00243851,130.114
351,8.4,0.0508,31.7,0.00580776,128.246
352,0.0,0.2286,39.6,0.00253511,121.055
353,3.0,0.3048,31.7,0.00529514,124.838
354,0.0,0.1524,39.6,0.0019328700000000002,125.603
355,0.0,0.0254,39.6,0.00042846400000000004,130.026
356,9.9,0.1524,55.5,0.0208438,131.955
357,8.4,0.0508,39.6,0.00566229,123.965
358,8.9,0.1016,71.3,0.0103088,128.763
359,2.0,0.2286,31.7,0.0037237100000000003,126.677
360,11.200000000000001,0.0508,71.3,0.014072,136.941
361,5.3,0.2286,71.3,0.0051942,127.7
362,0.0,0.1016,55.5,0.00131983,129.5
363,0.0,0.0254,71.3,0.00040068199999999997,130.787
364,11.200000000000001,0.0508,71.3,0.014072,127.101
365,2.0,0.2286,39.6,0.00346574,120.227
366,12.3,0.1016,71.3,0.033779199999999995,118.01799999999999
367,12.7,0.0254,71.3,0.012180799999999999,130.34799999999998
368,0.0,0.1016,39.6,0.0014633200000000002,130.961
369,0.0,0.3048,39.6,0.00310138,123.689
370,17.4,0.0254,55.5,0.016570599999999998,114.861
371,3.3,0.1016,31.7,0.00251435,120.70200000000001
372,4.0,0.2286,55.5,0.0042861999999999996,124.25399999999999
373,9.9,0.1524,55.5,0.0208438,133.235
374,5.4,0.1524,31.7,0.00525474,127.781
375,4.0,0.2286,39.6,0.00473801,128.339
376,15.6,0.1016,71.3,0.0437259,133.808
377,15.6,0.1016,39.6,0.0528487,110.264
378,4.0,0.2286,55.5,0.0042861999999999996,131.864
379,9.5,0.0254,39.6,0.00449821,131.234
380,6.7,0.1016,31.7,0.00592927,128.296
381,1.5,0.3048,71.3,0.00336729,113.492
382,1.5,0.3048,71.3,0.00336729,123.39200000000001
383,0.0,0.3048,31.7,0.00331266,110.515
384,0.0,0.3048,31.7,0.00331266,117.195
385,11.200000000000001,0.0508,39.6,0.0150478,133.79
386,9.5,0.0254,71.3,0.00420654,136.166
387,22.2,0.0254,71.3,0.0214178,123.227
388,7.3,0.2286,55.5,0.011170600000000001,125.194
389,8.4,0.0508,31.7,0.00580776,122.966
390,3.0,0.3048,55.5,0.00452492,129.329
391,0.0,0.2286,39.6,0.00253511,126.195
392,9.5,0.0254,39.6,0.00449821,125.044
393,7.3,0.2286,39.6,0.0123481,117.80900000000001
394,7.199999999999999,0.1524,71.3,0.007520390000000001,118.34299999999999
395,4.8,0.0254,71.3,0.000848633,127.398
396,6.7,0.1016,55.5,0.0052139,129.653
397,12.600000000000001,0.1524,39.6,0.0584113,116.56
398,0.0,0.3048,31.7,0.00331266,118.145
399,4.2,0.0508,71.3,0.00142788,125.26799999999999
400,7.3,0.2286,39.6,0.0123481,114.079
401,0.0,0.2286,31.7,0.0027238,120.595
402,3.0,0.3048,71.3,0.00425727,126.514
403,8.4,0.0508,71.3,0.00529514,133.846
404,15.400000000000002,0.0508,71.3,0.0264269,115.215
405,12.7,0.0254,71.3,0.012180799999999999,125.398
406,1.5,0.3048,71.3,0.00336729,119.632
407,0.0,0.0254,71.3,0.00040068199999999997,123.21700000000001
408,0.0,0.1016,55.5,0.00131983,127.92
409,2.7,0.1524,71.3,0.00243851,121.944
410,8.9,0.1016,71.3,0.0103088,120.24300000000001
411,0.0,0.1016,39.6,0.0014633200000000002,133.261
412,22.2,0.0254,39.6,0.022902799999999997,117.38600000000001
413,6.7,0.1016,71.3,0.00478288,131.458
414,2.7,0.1524,39.6,0.00294804,125.809
415,0.0,0.1016,71.3,0.00121072,130.935
416,17.4,0.0254,31.7,0.017663099999999998,120.766
417,9.5,0.0254,31.7,0.00461377,124.75600000000001
418,12.7,0.0254,39.6,0.013025299999999998,123.177
419,5.4,0.1524,55.5,0.00433288,129.36700000000002
420,7.3,0.2286,71.3,0.010440399999999999,130.748
421,0.0,0.1016,39.6,0.0014633200000000002,128.401
422,22.2,0.0254,39.6,0.022902799999999997,116.066
423,9.5,0.0254,39.6,0.00449821,116.074
424,5.4,0.1524,39.6,0.00485029,117.137
425,0.0,0.3048,71.3,0.00266337,127.461
426,15.6,0.1016,71.3,0.0437259,124.18799999999999
427,17.4,0.0254,71.3,0.016104,126.74600000000001
428,3.0,0.3048,39.6,0.00495741,118.92200000000001
429,0.0,0.0508,55.5,0.00076193,127.07600000000001
430,5.4,0.1524,55.5,0.00433288,132.127
431,5.3,0.2286,39.6,0.00614329,129.691
432,0.0,0.2286,39.6,0.00253511,128.705
433,3.3,0.1016,55.5,0.002211,124.839
434,12.3,0.1016,71.3,0.033779199999999995,137.06799999999998
435,0.0,0.1016,39.6,0.0014633200000000002,119.561
436,12.7,0.0254,39.6,0.013025299999999998,130.947
437,9.9,0.1524,71.3,0.019300099999999997,131.279
438,12.600000000000001,0.1524,71.3,0.0483159,117.50399999999999
439,4.8,0.0254,71.3,0.000848633,134.498
440,8.4,0.0508,71.3,0.00529514,132.086
441,2.0,0.2286,71.3,0.00293031,125.116
442,5.4,0.1524,39.6,0.00485029,132.757
443,0.0,0.3048,39.6,0.00310138,122.77900000000001
444,4.0,0.2286,39.6,0.00473801,121.65899999999999
445,0.0,0.1016,55.5,0.00131983,124.45
446,4.8,0.0254,31.7,0.0009307889999999999,134.268
447,12.3,0.1016,31.7,0.0418756,120.037
448,15.400000000000002,0.0508,55.5,0.0271925,122.94
449,3.0,0.3048,71.3,0.00425727,128.454
450,12.600000000000001,0.1524,39.6,0.0584113,106.88
451,8.9,0.1016,71.3,0.0103088,137.813
452,17.4,0.0254,55.5,0.016570599999999998,123.09100000000001
453,7.3,0.2286,55.5,0.011170600000000001,113.14399999999999
454,6.7,0.1016,39.6,0.00578076,132.395
455,19.7,0.0508,71.3,0.034118300000000004,118.005
456,4.0,0.2286,39.6,0.00473801,129.579
457,3.3,0.1016,31.7,0.00251435,131.642
458,17.4,0.0254,31.7,0.017663099999999998,123.46600000000001
459,0.0,0.0254,31.7,0.000439472,130.697
460,0.0,0.0508,39.6,0.000791822,128.518
461,0.0,0.0508,31.7,0.000812164,122.79
462,0.0,0.2286,55.5,0.00229336,126.16
463,12.600000000000001,0.1524,39.6,0.0584113,109.52
464,2.0,0.2286,55.5,0.00313525,126.84200000000001
465,6.7,0.1016,55.5,0.0052139,133.023
466,4.0,0.2286,31.7,0.00509068,123.60900000000001
467,0.0,0.0508,55.5,0.00076193,134.826
468,4.8,0.0254,31.7,0.0009307889999999999,127.40799999999999
469,7.3,0.2286,31.7,0.0132672,112.639
470,12.7,0.0254,71.3,0.012180799999999999,126.898
471,6.7,0.1016,31.7,0.00592927,132.886
472,8.9,0.1016,39.6,0.012459600000000001,134.34
473,0.0,0.3048,39.6,0.00310138,127.899
474,17.4,0.0254,31.7,0.017663099999999998,126.846
475,8.4,0.0508,55.5,0.00544854,123.742
476,3.0,0.3048,71.3,0.00425727,127.564
477,0.0,0.1524,31.7,0.00209405,131.467
478,15.400000000000002,0.0508,55.5,0.0271925,129.33
479,4.8,0.0254,39.6,0.0009074749999999999,116.366
480,0.0,0.0254,71.3,0.00040068199999999997,130.477
481,2.0,0.2286,39.6,0.00346574,122.79700000000001
482,0.0,0.2286,39.6,0.00253511,125.305
483,3.3,0.1016,71.3,0.00202822,132.114
484,12.3,0.1016,39.6,0.0408268,110.90500000000002
485,4.0,0.3048,71.3,0.00497773,116.165
486,8.9,0.1016,39.6,0.012459600000000001,119.04
487,19.7,0.0508,71.3,0.034118300000000004,123.865
488,8.4,0.0508,31.7,0.00580776,130.156
489,9.9,0.1524,55.5,0.0208438,119.505
490,5.4,0.1524,71.3,0.00401199,123.311
491,3.3,0.1016,55.5,0.002211,127.229
492,0.0,0.1016,39.6,0.0014633200000000002,126.021
493,7.3,0.2286,31.7,0.0132672,113.229
494,2.7,0.1524,39.6,0.00294804,121.889
495,12.3,0.1016,71.3,0.033779199999999995,122.21799999999998
496,9.9,0.1524,71.3,0.019300099999999997,112.039
497,4.0,0.3048,71.3,0.00497773,121.775
498,3.3,0.1016,39.6,0.00245138,130.791
499,8.4,0.0508,31.7,0.00580776,118.10600000000001
500,0.0,0.2286,71.3,0.00214345,124.304
501,11.200000000000001,0.0508,39.6,0.0150478,115.52
502,15.400000000000002,0.0508,31.7,0.028985300000000002,112.355
503,0.0,0.0508,55.5,0.00076193,125.376
504,7.199999999999999,0.1524,39.6,0.00909175,111.588
505,7.3,0.2286,55.5,0.011170600000000001,136.384
506,17.4,0.0254,71.3,0.016104,124.27600000000001
507,8.4,0.0508,31.7,0.00580776,129.516
508,11.200000000000001,0.0508,39.6,0.0150478,130.05
509,9.5,0.0254,71.3,0.00420654,129.556
510,15.6,0.1016,71.3,0.0437259,130.638
511,0.0,0.3048,39.6,0.00310138,125.49899999999998
512,5.3,0.2286,71.3,0.0051942,134.0
513,0.0,0.3048,31.7,0.00331266,127.365
514,17.4,0.0254,31.7,0.017663099999999998,124.166
515,3.3,0.1016,71.3,0.00202822,133.894
516,12.600000000000001,0.1524,39.6,0.0584113,115.91
517,12.3,0.1016,31.7,0.0418756,125.85700000000001
518,5.4,0.1524,31.7,0.00525474,115.691
519,2.0,0.2286,71.3,0.00293031,113.086
520,9.5,0.0254,71.3,0.00420654,131.186
521,11.200000000000001,0.0508,71.3,0.014072,128.381
522,0.0,0.1016,55.5,0.00131983,121.93
523,2.7,0.1524,39.6,0.00294804,119.209
524,9.9,0.1524,71.3,0.019300099999999997,120.779
525,1.5,0.3048,39.6,0.00392107,114.751
526,12.3,0.1016,39.6,0.0408268,122.315
527,0.0,0.2286,71.3,0.00214345,118.02400000000002
528,7.199999999999999,0.1524,39.6,0.00909175,120.22799999999998
529,0.0,0.0508,71.3,0.000740478,131.06
530,17.4,0.0254,71.3,0.016104,126.35600000000001
531,0.0,0.2286,71.3,0.00214345,128.244
532,0.0,0.0254,39.6,0.00042846400000000004,131.836
533,4.0,0.2286,55.5,0.0042861999999999996,131.264
534,3.0,0.3048,31.7,0.00529514,118.108
535,22.2,0.0254,71.3,0.0214178,140.987
536,9.9,0.1524,31.7,0.0252785,122.14900000000002
537,12.3,0.1016,39.6,0.0408268,113.315
538,6.7,0.1016,55.5,0.0052139,137.233
539,7.3,0.2286,31.7,0.0132672,126.189
540,0.0,0.3048,39.6,0.00310138,126.959
541,4.0,0.3048,71.3,0.00497773,131.615
542,3.3,0.1016,55.5,0.002211,132.769
543,0.0,0.1524,39.6,0.0019328700000000002,126.863
544,12.600000000000001,0.1524,39.6,0.0584113,116.02
545,0.0,0.2286,55.5,0.00229336,122.41
546,7.3,0.2286,39.6,0.0123481,132.149
547,0.0,0.1524,31.7,0.00209405,128.907
548,5.4,0.1524,39.6,0.00485029,125.34700000000001
549,4.0,0.2286,39.6,0.00473801,114.249
550,19.7,0.0508,71.3,0.034118300000000004,118.385
551,17.4,0.0254,55.5,0.016570599999999998,109.95100000000001
552,0.0,0.2286,31.7,0.0027238,116.815
553,4.2,0.0508,71.3,0.00142788,121.238
554,7.199999999999999,0.1524,71.3,0.007520390000000001,128.713
555,2.0,0.2286,55.5,0.00313525,120.47200000000001
556,2.0,0.2286,39.6,0.00346574,118.827
557,15.400000000000002,0.0508,55.5,0.0271925,120.92
558,9.5,0.0254,55.5,0.0043284,133.252
559,0.0,0.0508,55.5,0.00076193,125.58599999999998
560,0.0,0.1016,71.3,0.00121072,132.095
561,6.7,0.1016,55.5,0.0052139,129.343
562,12.600000000000001,0.1524,71.3,0.0483159,107.28399999999999
563,5.3,0.2286,39.6,0.00614329,112.541
564,7.199999999999999,0.1524,39.6,0.00909175,113.288
565,5.4,0.1524,71.3,0.00401199,128.971
566,15.400000000000002,0.0508,31.7,0.028985300000000002,122.845
567,0.0,0.3048,71.3,0.00266337,108.721
568,22.2,0.0254,39.6,0.022902799999999997,137.026
569,5.4,0.1524,71.3,0.00401199,133.201
570,22.2,0.0254,71.3,0.0214178,127.197
571,8.4,0.0508,39.6,0.00566229,126.04500000000002
572,19.7,0.0508,39.6,0.036483999999999996,118.634
573,0.0,0.1016,31.7,0.0015009200000000002,133.153
574,15.400000000000002,0.0508,55.5,0.0271925,123.46
575,0.0,0.1016,39.6,0.0014633200000000002,132.611
576,15.400000000000002,0.0508,39.6,0.0282593,125.353
577,0.0,0.2286,55.5,0.00229336,126.78999999999999
578,9.9,0.1524,39.6,0.0233328,127.315
579,1.5,0.3048,39.6,0.00392107,127.581
580,3.0,0.3048,71.3,0.00425727,125.524
581,4.0,0.2286,31.7,0.00509068,128.119
582,5.4,0.1524,39.6,0.00485029,127.117
583,2.0,0.2286,39.6,0.00346574,125.15700000000001
584,19.7,0.0508,39.6,0.036483999999999996,117.72399999999999
585,1.5,0.3048,71.3,0.00336729,124.51199999999999
586,0.0,0.0254,31.7,0.000439472,127.947
587,15.6,0.1016,71.3,0.0437259,134.058
588,4.8,0.0254,31.7,0.0009307889999999999,132.898
589,17.4,0.0254,39.6,0.0172206,119.854
590,17.4,0.0254,39.6,0.0172206,117.514
591,6.7,0.1016,31.7,0.00592927,131.636
592,0.0,0.1016,39.6,0.0014633200000000002,133.251
593,3.3,0.1016,71.3,0.00202822,124.904
594,4.0,0.3048,39.6,0.00579636,128.72299999999998
595,9.5,0.0254,39.6,0.00449821,130.964
596,4.2,0.0508,39.6,0.00152689,116.96700000000001
597,12.7,0.0254,71.3,0.012180799999999999,122.93799999999999
598,7.3,0.2286,31.7,0.0132672,120.509
599,0.0,0.1524,71.3,0.0015988,128.64700000000002
600,0.0,0.3048,55.5,0.00283081,119.60600000000001
601,5.4,0.1524,55.5,0.00433288,133.097
602,4.0,0.2286,39.6,0.00473801,122.229
603,4.0,0.3048,71.3,0.00497773,123.775
604,8.9,0.1016,39.6,0.012459600000000001,116.22
605,9.5,0.0254,39.6,0.00449821,123.89399999999999
606,17.4,0.0254,71.3,0.016104,115.84599999999999
607,7.3,0.2286,71.3,0.010440399999999999,120.45799999999998
608,15.6,0.1016,39.6,0.0528487,118.084
609,9.9,0.1524,31.7,0.0252785,108.689
610,11.200000000000001,0.0508,71.3,0.014072,125.941
611,0.0,0.0254,31.7,0.000439472,135.227
612,2.0,0.2286,55.5,0.00313525,118.71200000000002
613,15.400000000000002,0.0508,55.5,0.0271925,126.5
614,4.0,0.3048,71.3,0.00497773,107.405
615,8.9,0.1016,71.3,0.0103088,136.583
616,0.0,0.0508,39.6,0.000791822,123.988
617,12.600000000000001,0.1524,39.6,0.0584113,104.13
618,4.0,0.2286,39.6,0.00473801,125.319
619,11.200000000000001,0.0508,39.6,0.0150478,124.42
620,0.0,0.3048,71.3,0.00266337,125.20100000000002
621,8.4,0.0508,31.7,0.00580776,120.07600000000001
622,7.199999999999999,0.1524,39.6,0.00909175,112.68799999999999
623,5.3,0.2286,39.6,0.00614329,131.221
624,0.0,0.3048,71.3,0.00266337,121.301
625,4.0,0.2286,31.7,0.00509068,120.189
626,2.0,0.2286,71.3,0.00293031,122.816
627,2.0,0.2286,55.5,0.00313525,128.762
628,0.0,0.1016,39.6,0.0014633200000000002,122.34100000000001
629,0.0,0.3048,31.7,0.00331266,129.095
630,7.3,0.2286,55.5,0.011170600000000001,117.28399999999999
631,11.200000000000001,0.0508,39.6,0.0150478,128.99
632,9.5,0.0254,39.6,0.00449821,119.294
633,19.7,0.0508,71.3,0.034118300000000004,120.575
634,15.6,0.1016,39.6,0.0528487,104.204
635,15.6,0.1016,71.3,0.0437259,119.88799999999999
636,8.4,0.0508,71.3,0.00529514,129.946
637,0.0,0.1016,55.5,0.00131983,126.17
638,12.3,0.1016,31.7,0.0418756,124.71700000000001
639,7.199999999999999,0.1524,71.3,0.007520390000000001,110.31299999999999
640,0.0,0.0254,71.3,0.00040068199999999997,136.83700000000002
641,3.3,0.1016,55.5,0.002211,131.129
642,4.2,0.0508,71.3,0.00142788,117.32799999999999
643,15.400000000000002,0.0508,31.7,0.028985300000000002,123.255
644,4.8,0.0254,55.5,0.000873218,126.944
645,3.0,0.3048,31.7,0.00529514,126.838
646,2.7,0.1524,71.3,0.00243851,126.53399999999999
647,0.0,0.1016,55.5,0.00131983,119.91
648,8.4,0.0508,31.7,0.00580776,122.086
649,11.200000000000001,0.0508,39.6,0.0150478,130.67
650,17.4,0.0254,71.3,0.016104,119.806
651,19.7,0.0508,39.6,0.036483999999999996,113.00399999999999
652,12.3,0.1016,71.3,0.033779199999999995,130.588
653,3.0,0.3048,39.6,0.00495741,128.312
654,4.0,0.3048,71.3,0.00497773,124.395
655,4.2,0.0508,71.3,0.00142788,129.308
656,0.0,0.1524,31.7,0.00209405,119.73700000000001
657,0.0,0.2286,39.6,0.00253511,130.205
658,9.5,0.0254,55.5,0.0043284,123.08200000000001
659,5.4,0.1524,55.5,0.00433288,126.807
660,4.0,0.3048,39.6,0.00579636,128.63299999999998
661,0.0,0.0508,39.6,0.000791822,129.148
662,17.4,0.0254,55.5,0.016570599999999998,110.491
663,0.0,0.1524,71.3,0.0015988,120.24700000000001
664,1.5,0.3048,71.3,0.00336729,121.76200000000001
665,12.3,0.1016,55.5,0.0368233,124.214
666,8.4,0.0508,55.5,0.00544854,115.81200000000001
667,5.4,0.1524,31.7,0.00525474,116.181
668,0.0,0.2286,31.7,0.0027238,129.465
669,0.0,0.1524,31.7,0.00209405,121.617
670,8.9,0.1016,71.3,0.0103088,123.623
671,3.3,0.1016,39.6,0.00245138,120.851
672,0.0,0.2286,55.5,0.00229336,127.91
673,9.5,0.0254,31.7,0.00461377,124.42599999999999
674,15.6,0.1016,71.3,0.0437259,113.29799999999999
675,4.0,0.2286,55.5,0.0042861999999999996,112.524
676,0.0,0.3048,71.3,0.00266337,125.57099999999998
677,0.0,0.0508,71.3,0.000740478,128.56
678,0.0,0.2286,39.6,0.00253511,117.46499999999999
679,3.0,0.3048,55.5,0.00452492,129.569
680,0.0,0.0254,71.3,0.00040068199999999997,133.207
681,3.3,0.1016,31.7,0.00251435,133.40200000000002
682,0.0,0.3048,31.7,0.00331266,122.375
683,3.3,0.1016,55.5,0.002211,132.889
684,12.600000000000001,0.1524,39.6,0.0584113,114.75
685,0.0,0.1016,55.5,0.00131983,131.78
686,15.6,0.1016,39.6,0.0528487,106.22399999999999
687,8.9,0.1016,71.3,0.0103088,134.533
688,12.3,0.1016,71.3,0.033779199999999995,113.958
689,22.2,0.0254,71.3,0.0214178,120.65700000000001
690,2.7,0.1524,39.6,0.00294804,112.589
691,17.4,0.0254,31.7,0.017663099999999998,116.956
692,22.2,0.0254,71.3,0.0214178,117.967
693,4.0,0.3048,71.3,0.00497773,129.575
694,0.0,0.2286,31.7,0.0027238,123.635
695,0.0,0.0508,39.6,0.000791822,132.918
696,3.0,0.3048,31.7,0.00529514,125.398
697,0.0,0.1524,71.3,0.0015988,125.81700000000002
698,9.9,0.1524,31.7,0.0252785,112.20900000000002
699,4.0,0.2286,71.3,0.00400603,130.688
700,4.0,0.3048,71.3,0.00497773,110.90500000000002
701,2.0,0.2286,31.7,0.0037237100000000003,121.40700000000001
702,8.4,0.0508,55.5,0.00544854,122.61200000000001
703,12.3,0.1016,31.7,0.0418756,123.20700000000001
704,12.600000000000001,0.1524,71.3,0.0483159,122.044
705,0.0,0.1016,71.3,0.00121072,125.465
706,17.4,0.0254,31.7,0.017663099999999998,127.676
707,0.0,0.0508,55.5,0.00076193,131.45600000000002
708,19.7,0.0508,71.3,0.034118300000000004,126.995
709,12.600000000000001,0.1524,39.6,0.0584113,114.9
710,9.9,0.1524,39.6,0.0233328,117.925
711,0.0,0.0254,55.5,0.00041229,130.07299999999998
712,4.0,0.2286,55.5,0.0042861999999999996,127.314
713,4.8,0.0254,39.6,0.0009074749999999999,122.956
714,15.400000000000002,0.0508,71.3,0.0264269,126.80500000000002
715,2.0,0.2286,39.6,0.00346574,116.417
716,7.3,0.2286,55.5,0.011170600000000001,135.924
717,3.3,0.1016,71.3,0.00202822,133.664
718,1.5,0.3048,39.6,0.00392107,128.311
719,2.7,0.1524,39.6,0.00294804,125.589
720,12.7,0.0254,71.3,0.012180799999999999,119.69799999999998
721,0.0,0.2286,39.6,0.00253511,123.465
722,22.2,0.0254,71.3,0.0214178,124.12700000000002
723,0.0,0.1524,55.5,0.00172668,121.90299999999999
724,4.0,0.2286,71.3,0.00400603,109.63799999999999
725,12.3,0.1016,71.3,0.033779199999999995,127.318
726,3.0,0.3048,71.3,0.00425727,129.35399999999998
727,0.0,0.1524,55.5,0.00172668,127.763
728,8.4,0.0508,31.7,0.00580776,125.57600000000001
729,15.6,0.1016,39.6,0.0528487,115.304
730,0.0,0.0508,31.7,0.000812164,130.34
731,0.0,0.0254,55.5,0.00041229,135.803
732,17.4,0.0254,71.3,0.016104,113.796
733,0.0,0.0508,31.7,0.000812164,129.27
734,7.3,0.2286,71.3,0.010440399999999999,139.438
735,0.0,0.3048,31.7,0.00331266,122.76500000000001
736,8.4,0.0508,39.6,0.00566229,130.965
737,9.5,0.0254,55.5,0.0043284,125.45200000000001
738,4.0,0.2286,71.3,0.00400603,126.21799999999999
739,3.0,0.3048,71.3,0.00425727,118.134
740,4.2,0.0508,39.6,0.00152689,129.77700000000002
741,0.0,0.0508,71.3,0.000740478,130.96
742,0.0,0.0254,71.3,0.00040068199999999997,129.86700000000002
743,9.5,0.0254,55.5,0.0043284,133.062
744,15.400000000000002,0.0508,55.5,0.0271925,130.43
745,15.400000000000002,0.0508,31.7,0.028985300000000002,121.225
746,4.8,0.0254,31.7,0.0009307889999999999,127.008
747,12.600000000000001,0.1524,71.3,0.0483159,123.304
748,8.9,0.1016,39.6,0.012459600000000001,130.94
749,1.5,0.3048,71.3,0.00336729,118.12200000000001
750,3.0,0.3048,39.6,0.00495741,129.292
751,4.2,0.0508,71.3,0.00142788,124.318
752,8.9,0.1016,39.6,0.012459600000000001,129.58
753,12.7,0.0254,71.3,0.012180799999999999,133.048
754,12.3,0.1016,31.7,0.0418756,114.477
755,15.400000000000002,0.0508,39.6,0.0282593,128.423
756,0.0,0.3048,55.5,0.00283081,123.236
757,2.0,0.2286,71.3,0.00293031,127.35600000000001
758,0.0,0.1524,55.5,0.00172668,127.233
759,0.0,0.1016,55.5,0.00131983,128.36
760,7.3,0.2286,71.3,0.010440399999999999,122.088
761,0.0,0.1016,31.7,0.0015009200000000002,131.313
762,9.9,0.1524,71.3,0.019300099999999997,116.84899999999999
763,0.0,0.3048,39.6,0.00310138,128.629
764,17.4,0.0254,71.3,0.016104,123.126
765,15.400000000000002,0.0508,55.5,0.0271925,125.63
766,2.7,0.1524,71.3,0.00243851,127.054
767,3.3,0.1016,55.5,0.002211,130.629
768,5.3,0.2286,71.3,0.0051942,118.05
769,0.0,0.2286,55.5,0.00229336,126.54
770,19.7,0.0508,71.3,0.034118300000000004,121.485
771,12.3,0.1016,39.6,0.0408268,122.20499999999998
772,0.0,0.1524,39.6,0.0019328700000000002,131.023
773,19.7,0.0508,39.6,0.036483999999999996,116.184
774,9.9,0.1524,55.5,0.0208438,121.635
775,4.8,0.0254,55.5,0.000873218,125.054
776,22.2,0.0254,71.3,0.0214178,134.247
777,9.5,0.0254,39.6,0.00449821,129.014
778,4.0,0.3048,39.6,0.00579636,123.54299999999999
779,0.0,0.0508,55.5,0.00076193,127.636
780,0.0,0.3048,55.5,0.00283081,124.10600000000001
781,4.2,0.0508,39.6,0.00152689,125.717
782,17.4,0.0254,31.7,0.017663099999999998,128.306
783,4.0,0.2286,71.3,0.00400603,121.728
784,9.5,0.0254,39.6,0.00449821,129.934
785,4.8,0.0254,39.6,0.0009074749999999999,126.066
786,3.0,0.3048,39.6,0.00495741,115.792
787,0.0,0.1016,31.7,0.0015009200000000002,129.053
788,0.0,0.2286,31.7,0.0027238,125.625
789,9.9,0.1524,55.5,0.0208438,115.085
790,2.0,0.2286,31.7,0.0037237100000000003,121.527
791,9.9,0.1524,55.5,0.0208438,112.06500000000001
792,4.0,0.2286,39.6,0.00473801,130.469
793,15.400000000000002,0.0508,39.6,0.0282593,118.113
794,4.0,0.2286,31.7,0.00509068,122.089
795,4.2,0.0508,71.3,0.00142788,133.72799999999998
796,0.0,0.1016,71.3,0.00121072,130.795
797,5.4,0.1524,55.5,0.00433288,131.80700000000002
798,12.7,0.0254,71.3,0.012180799999999999,128.878
799,12.600000000000001,0.1524,71.3,0.0483159,113.334
800,11.200000000000001,0.0508,71.3,0.014072,130.541
801,0.0,0.2286,55.5,0.00229336,123.41
802,12.3,0.1016,55.5,0.0368233,124.244
803,5.4,0.1524,31.7,0.00525474,131.491
804,9.9,0.1524,55.5,0.0208438,132.355
805,12.7,0.0254,39.6,0.013025299999999998,129.567
806,12.7,0.0254,71.3,0.012180799999999999,114.41799999999999
807,4.0,0.3048,71.3,0.00497773,126.395
808,5.4,0.1524,31.7,0.00525474,115.59100000000001
809,17.4,0.0254,39.6,0.0172206,124.15400000000001
810,4.8,0.0254,55.5,0.000873218,121.28399999999999
811,22.2,0.0254,71.3,0.0214178,123.12700000000001
812,0.0,0.1524,31.7,0.00209405,117.95700000000001
813,0.0,0.2286,71.3,0.00214345,114.984
814,7.199999999999999,0.1524,71.3,0.007520390000000001,134.85299999999998
815,4.0,0.3048,71.3,0.00497773,131.015
816,8.4,0.0508,71.3,0.00529514,127.556
817,6.7,0.1016,55.5,0.0052139,136.88299999999998
818,8.4,0.0508,71.3,0.00529514,126.926
819,9.9,0.1524,71.3,0.019300099999999997,122.67900000000002
820,2.0,0.2286,55.5,0.00313525,122.29199999999999
821,9.9,0.1524,71.3,0.019300099999999997,135.079
822,15.400000000000002,0.0508,71.3,0.0264269,119.135
823,0.0,0.2286,71.3,0.00214345,114.47399999999999
824,15.6,0.1016,39.6,0.0528487,124.64399999999999
825,8.4,0.0508,39.6,0.00566229,122.905
826,0.0,0.0254,55.5,0.00041229,131.453
827,12.3,0.1016,55.5,0.0368233,125.11399999999999
828,0.0,0.3048,71.3,0.00266337,125.20100000000002
829,0.0,0.1524,39.6,0.0019328700000000002,130.033
830,8.4,0.0508,31.7,0.00580776,127.686
831,22.2,0.0254,39.6,0.022902799999999997,128.416
832,7.3,0.2286,71.3,0.010440399999999999,139.918
833,5.4,0.1524,71.3,0.00401199,124.12100000000001
834,3.0,0.3048,55.5,0.00452492,118.689
835,2.0,0.2286,55.5,0.00313525,124.61200000000001
836,0.0,0.2286,31.7,0.0027238,123.445
837,11.200000000000001,0.0508,39.6,0.0150478,133.13
838,22.2,0.0254,39.6,0.022902799999999997,121.306
839,8.4,0.0508,55.5,0.00544854,130.722
840,8.4,0.0508,39.6,0.00566229,129.965
841,3.0,0.3048,55.5,0.00452492,112.169
842,9.5,0.0254,31.7,0.00461377,131.346
843,12.600000000000001,0.1524,71.3,0.0483159,120.154
844,6.7,0.1016,31.7,0.00592927,120.446
845,17.4,0.0254,71.3,0.016104,112.506
846,3.0,0.3048,71.3,0.00425727,121.514
847,9.5,0.0254,31.7,0.00461377,126.736
848,8.4,0.0508,39.6,0.00566229,128.435
849,5.4,0.1524,39.6,0.00485029,120.49700000000001
850,2.7,0.1524,71.3,0.00243851,127.39399999999999
851,4.8,0.0254,55.5,0.000873218,132.184
852,22.2,0.0254,71.3,0.0214178,123.917
853,12.7,0.0254,39.6,0.013025299999999998,130.77700000000002
854,0.0,0.1016,55.5,0.00131983,131.43
855,9.9,0.1524,39.6,0.0233328,120.555
856,6.7,0.1016,71.3,0.00478288,136.678
857,7.199999999999999,0.1524,71.3,0.007520390000000001,130.893
858,17.4,0.0254,55.5,0.016570599999999998,118.94100000000002
859,15.6,0.1016,71.3,0.0437259,121.52799999999999
860,5.4,0.1524,55.5,0.00433288,118.757
861,7.3,0.2286,31.7,0.0132672,119.09899999999999
862,7.3,0.2286,71.3,0.010440399999999999,125.72799999999998
863,8.4,0.0508,55.5,0.00544854,128.40200000000002
864,8.4,0.0508,71.3,0.00529514,131.966
865,3.0,0.3048,31.7,0.00529514,109.71799999999999
866,12.600000000000001,0.1524,39.6,0.0584113,110.78
867,3.0,0.3048,39.6,0.00495741,123.31200000000001
868,4.0,0.3048,71.3,0.00497773,131.755
869,1.5,0.3048,71.3,0.00336729,106.58200000000001
870,0.0,0.3048,39.6,0.00310138,114.779
871,9.5,0.0254,31.7,0.00461377,122.76600000000002
872,0.0,0.1016,31.7,0.0015009200000000002,124.39299999999999
873,8.9,0.1016,39.6,0.012459600000000001,119.19
874,9.5,0.0254,31.7,0.00461377,130.496
875,0.0,0.1016,55.5,0.00131983,132.54
876,9.9,0.1524,31.7,0.0252785,126.04899999999999
877,3.3,0.1016,31.7,0.00251435,124.852
878,11.200000000000001,0.0508,71.3,0.014072,136.191
879,7.3,0.2286,71.3,0.010440399999999999,138.75799999999998
880,3.0,0.3048,39.6,0.00495741,122.78200000000001
881,7.199999999999999,0.1524,39.6,0.00909175,110.868
882,12.3,0.1016,55.5,0.0368233,125.484
883,12.3,0.1016,55.5,0.0368233,112.014
884,22.2,0.0254,39.6,0.022902799999999997,126.44600000000001
885,15.400000000000002,0.0508,55.5,0.0271925,112.93
886,15.6,0.1016,71.3,0.0437259,122.288
887,12.600000000000001,0.1524,71.3,0.0483159,120.53399999999999
888,4.2,0.0508,39.6,0.00152689,133.58700000000002
889,4.0,0.2286,31.7,0.00509068,120.22899999999998
890,4.8,0.0254,31.7,0.0009307889999999999,128.718
891,5.3,0.2286,71.3,0.0051942,116.91999999999999
892,4.2,0.0508,71.3,0.00142788,132.828
893,3.0,0.3048,55.5,0.00452492,128.179
894,1.5,0.3048,39.6,0.00392107,119.111
895,0.0,0.0508,31.7,0.000812164,119.07
896,5.4,0.1524,39.6,0.00485029,127.637
897,9.9,0.1524,31.7,0.0252785,125.539
898,9.9,0.1524,31.7,0.0252785,128.939
899,15.400000000000002,0.0508,39.6,0.0282593,109.663
900,7.3,0.2286,55.5,0.011170600000000001,117.134
901,7.199999999999999,0.1524,71.3,0.007520390000000001,132.043
902,12.7,0.0254,71.3,0.012180799999999999,133.75799999999998
903,4.0,0.2286,71.3,0.00400603,129.03799999999998
904,0.0,0.1524,55.5,0.00172668,127.75299999999999
905,15.6,0.1016,39.6,0.0528487,118.214
906,4.0,0.2286,31.7,0.00509068,118.859
907,0.0,0.0508,55.5,0.00076193,132.796
908,17.4,0.0254,39.6,0.0172206,114.044
909,4.8,0.0254,39.6,0.0009074749999999999,134.336
910,2.7,0.1524,71.3,0.00243851,110.36399999999999
911,15.400000000000002,0.0508,39.6,0.0282593,122.413
912,4.8,0.0254,39.6,0.0009074749999999999,131.236
913,15.400000000000002,0.0508,55.5,0.0271925,130.0
914,7.199999999999999,0.1524,71.3,0.007520390000000001,116.603
915,12.3,0.1016,31.7,0.0418756,119.777
916,7.3,0.2286,39.6,0.0123481,114.309
917,4.0,0.3048,39.6,0.00579636,115.863
918,9.9,0.1524,39.6,0.0233328,113.525
919,0.0,0.2286,55.5,0.00229336,118.41000000000001
920,15.6,0.1016,39.6,0.0528487,109.25399999999999
921,2.0,0.2286,39.6,0.00346574,121.397
922,0.0,0.1016,71.3,0.00121072,129.395
923,3.3,0.1016,39.6,0.00245138,115.321
924,9.9,0.1524,39.6,0.0233328,109.885
925,5.4,0.1524,31.7,0.00525474,128.241
926,12.3,0.1016,31.7,0.0418756,118.667
927,9.9,0.1524,71.3,0.019300099999999997,128.879
928,12.3,0.1016,71.3,0.033779199999999995,127.928
929,0.0,0.0254,31.7,0.000439472,128.977
930,0.0,0.1016,71.3,0.00121072,128.825
931,4.0,0.2286,39.6,0.00473801,119.15899999999999
932,3.0,0.3048,31.7,0.00529514,115.60799999999999
933,11.200000000000001,0.0508,39.6,0.0150478,126.54
934,15.400000000000002,0.0508,55.5,0.0271925,127.22000000000001
935,9.5,0.0254,39.6,0.00449821,126.514
936,12.7,0.0254,71.3,0.012180799999999999,134.22799999999998
937,9.5,0.0254,31.7,0.00461377,131.036
938,8.9,0.1016,71.3,0.0103088,135.433
939,0.0,0.0254,39.6,0.00042846400000000004,129.116
940,0.0,0.2286,71.3,0.00214345,125.824
941,12.3,0.1016,71.3,0.033779199999999995,124.74799999999999
942,11.200000000000001,0.0508,71.3,0.014072,133.611
943,9.9,0.1524,39.6,0.0233328,128.335
944,1.5,0.3048,71.3,0.00336729,127.12200000000001
945,0.0,0.0508,39.6,0.000791822,135.938
946,7.3,0.2286,71.3,0.010440399999999999,122.708
947,8.9,0.1016,39.6,0.012459600000000001,113.10999999999999
948,2.7,0.1524,71.3,0.00243851,127.404
949,0.0,0.0508,71.3,0.000740478,133.04
950,19.7,0.0508,39.6,0.036483999999999996,127.22399999999999
951,15.6,0.1016,71.3,0.0437259,118.99799999999999
952,6.7,0.1016,55.5,0.0052139,124.273
953,12.7,0.0254,71.3,0.012180799999999999,131.69799999999998
954,0.0,0.1016,55.5,0.00131983,133.04
955,15.400000000000002,0.0508,39.6,0.0282593,127.443
956,12.3,0.1016,39.6,0.0408268,121.315
957,9.5,0.0254,55.5,0.0043284,132.202
958,2.0,0.2286,39.6,0.00346574,122.147
959,17.4,0.0254,39.6,0.0172206,131.364
960,3.0,0.3048,55.5,0.00452492,124.43899999999998
961,4.8,0.0254,71.3,0.000848633,119.708
962,3.0,0.3048,55.5,0.00452492,126.159
963,6.7,0.1016,71.3,0.00478288,131.44799999999998
964,7.3,0.2286,55.5,0.011170600000000001,135.234
965,0.0,0.0508,71.3,0.000740478,125.22
966,8.9,0.1016,39.6,0.012459600000000001,113.08
967,7.3,0.2286,31.7,0.0132672,110.68900000000001
968,5.3,0.2286,39.6,0.00614329,132.011
969,0.0,0.0508,39.6,0.000791822,126.508
970,3.0,0.3048,71.3,0.00425727,114.634
971,9.9,0.1524,31.7,0.0252785,128.809
972,4.0,0.2286,71.3,0.00400603,113.10799999999998
973,12.3,0.1016,39.6,0.0408268,128.265
974,0.0,0.0508,55.5,0.00076193,128.576
975,0.0,0.3048,55.5,0.00283081,126.086
976,2.0,0.2286,71.3,0.00293031,128.216
977,5.4,0.1524,55.5,0.00433288,130.77700000000002
978,4.0,0.3048,71.3,0.00497773,113.665
979,8.9,0.1016,39.6,0.012459600000000001,133.79
980,3.3,0.1016,31.7,0.00251435,128.252
981,12.7,0.0254,39.6,0.013025299999999998,130.217
982,8.4,0.0508,55.5,0.00544854,132.252
983,0.0,0.0508,71.3,0.000740478,129.68
984,3.3,0.1016,71.3,0.00202822,134.034
985,0.0,0.1016,31.7,0.0015009200000000002,126.413
986,12.3,0.1016,55.5,0.0368233,135.674
987,5.3,0.2286,71.3,0.0051942,133.48
988,12.3,0.1016,39.6,0.0408268,129.675
989,0.0,0.2286,39.6,0.00253511,122.175
990,4.8,0.0254,71.3,0.000848633,131.518
991,4.8,0.0254,55.5,0.000873218,129.144
992,9.5,0.0254,55.5,0.0043284,128.412
993,12.7,0.0254,39.6,0.013025299999999998,125.10700000000001
994,12.3,0.1016,31.7,0.0418756,124.98700000000001
995,0.0,0.0254,55.5,0.00041229,127.62299999999999
996,12.3,0.1016,39.6,0.0408268,128.545
997,17.4,0.0254,55.5,0.016570599999999998,119.62100000000001
998,0.0,0.1524,31.7,0.00209405,125.867
999,3.0,0.3048,71.3,0.00425727,124.024
1000,0.0,0.0508,31.7,0.000812164,134.87
1001,17.4,0.0254,55.5,0.016570599999999998,124.101
1002,11.200000000000001,0.0508,39.6,0.0150478,122.17
1003,0.0,0.0254,39.6,0.00042846400000000004,136.826
1004,11.200000000000001,0.0508,71.3,0.014072,135.191
1005,2.0,0.2286,31.7,0.0037237100000000003,128.67700000000002
1006,22.2,0.0254,39.6,0.022902799999999997,118.816
1007,2.0,0.2286,31.7,0.0037237100000000003,130.30700000000002
1008,15.400000000000002,0.0508,55.5,0.0271925,124.17
1009,4.0,0.2286,71.3,0.00400603,112.76799999999999
1010,4.2,0.0508,39.6,0.00152689,128.42700000000002
1011,15.400000000000002,0.0508,55.5,0.0271925,128.2
1012,2.7,0.1524,39.6,0.00294804,122.919
1013,12.7,0.0254,39.6,0.013025299999999998,127.84700000000001
1014,9.5,0.0254,55.5,0.0043284,128.082
1015,0.0,0.3048,71.3,0.00266337,115.391
1016,15.400000000000002,0.0508,31.7,0.028985300000000002,124.68500000000002
1017,11.200000000000001,0.0508,39.6,0.0150478,126.43
1018,0.0,0.3048,31.7,0.00331266,122.365
1019,12.3,0.1016,31.7,0.0418756,107.267
1020,3.0,0.3048,71.3,0.00425727,116.134
1021,0.0,0.3048,55.5,0.00283081,128.086
1022,12.3,0.1016,39.6,0.0408268,113.055
1023,0.0,0.0508,55.5,0.00076193,133.95600000000002
1024,11.200000000000001,0.0508,71.3,0.014072,122.471
1025,8.4,0.0508,39.6,0.00566229,120.01500000000001
1026,4.0,0.2286,39.6,0.00473801,120.419
1027,0.0,0.0508,71.3,0.000740478,134.43
1028,0.0,0.1524,55.5,0.00172668,119.25299999999997
1029,7.3,0.2286,39.6,0.0123481,132.039
1030,8.9,0.1016,39.6,0.012459600000000001,131.92
1031,4.2,0.0508,39.6,0.00152689,133.847
1032,2.7,0.1524,71.3,0.00243851,130.144
1033,15.400000000000002,0.0508,31.7,0.028985300000000002,121.485
1034,1.5,0.3048,39.6,0.00392107,117.741
1035,8.9,0.1016,71.3,0.0103088,116.723
1036,6.7,0.1016,55.5,0.0052139,135.953
1037,5.4,0.1524,71.3,0.00401199,127.59100000000001
1038,3.3,0.1016,39.6,0.00245138,131.971
1039,8.4,0.0508,55.5,0.00544854,133.032
1040,3.3,0.1016,71.3,0.00202822,127.054
1041,2.7,0.1524,39.6,0.00294804,108.649
1042,7.3,0.2286,39.6,0.0123481,128.929
1043,8.9,0.1016,71.3,0.0103088,117.25299999999999
1044,0.0,0.2286,71.3,0.00214345,129.134
1045,15.400000000000002,0.0508,71.3,0.0264269,127.285
1046,2.0,0.2286,31.7,0.0037237100000000003,120.147
1047,0.0,0.1524,55.5,0.00172668,129.953
1048,0.0,0.1016,55.5,0.00131983,129.8
1049,5.4,0.1524,55.5,0.00433288,121.587
1050,15.400000000000002,0.0508,39.6,0.0282593,124.84299999999999
1051,8.9,0.1016,71.3,0.0103088,123.26299999999999
